run_ts,ticker,date,close,per,pbr,rsi,macd_hist,bb_pct_b,ma_cross,quant_score,news_score,integrated_score
2026-09-12T14:55:58+00:00,AAPL,2026-09-11,332.2699890136719,38.148106,45.14538,62.84281922754696,1.3147222947327444,1.013501863409551,,-0.11654876993133831,,
2026-09-12T14:55:58+00:00,MSFT,2026-09-11,495.6300048828125,27.62709,8.320827,56.87766338493222,-3.8450364754066904,0.5346766344550558,,-0.21034120097576112,,
2026-09-12T14:55:58+00:00,GOOGL,2026-09-11,338.5,16.69132,6.6508174,46.912651739100646,-0.40134380856598906,0.37448948378053454,,-0.018396976628682914,,
2026-09-12T14:55:58+00:00,AMZN,2026-09-11,256.7799987792969,20.658085,5.0195484,48.91355116653905,-1.1099799267143222,0.3584561853517981,,-0.10425528904344043,,
2026-09-12T14:55:58+00:00,NVDA,2026-09-11,218.2899932861328,27.631645,23.019087,49.94178809484372,-0.5070806884027146,0.4323251574428099,,-0.05756922295816356,,
2026-09-12T14:55:58+00:00,META,2026-09-11,648.030029296875,24.389538,6.321011,67.17924279644947,9.875251221869274,0.9481414138112559,,-0.05666116271827331,,
2026-09-12T14:55:58+00:00,TSLA,2026-09-11,365.44000244140625,332.21817,16.614685,54.4510322793584,1.862702467290648,0.7371887033639399,,0.07411309340707065,,
2026-09-13T05:38:55+00:00,AAPL,2026-09-11,332.2699890136719,38.148106,45.14538,62.84281926316419,1.3147222904685203,1.0135018634093804,,-0.11654877046214326,,
2026-09-13T05:38:55+00:00,MSFT,2026-09-11,495.6300048828125,27.62709,8.320827,56.87766338478968,-3.845036475439903,0.5346766344550511,,-0.21034120097527284,,
2026-09-13T05:38:55+00:00,GOOGL,2026-09-11,338.5,16.975927,6.6508174,46.912651739192576,-0.4013438084960863,0.3744894837802828,,-0.018396976612955394,,
2026-09-13T05:38:55+00:00,AMZN,2026-09-11,256.7799987792969,20.658085,5.0195484,48.91355116653905,-1.1099799267143222,0.3584561853517981,,-0.10425528904344043,,
2026-09-13T05:38:55+00:00,NVDA,2026-09-11,218.2899932861328,27.631645,23.019087,49.94178809484338,-0.5070806884025911,0.4323251574427965,,-0.05756922295814095,,
2026-09-13T05:38:55+00:00,META,2026-09-11,648.030029296875,24.389538,6.321011,67.17924279828009,9.875251221606518,0.9481414138112463,,-0.05666116272691724,,
2026-09-13T05:38:55+00:00,TSLA,2026-09-11,365.44000244140625,332.21817,16.614685,54.4510322793584,1.862702467290648,0.7371887033639399,,0.07411309340707065,,
2026-09-13T08:32:22+00:00,AAPL,2026-09-11,332.2699890136719,38.148106,45.14538,62.84281922689675,1.3147222947422486,1.0135018634096469,,-0.11654876992675559,,
2026-09-13T08:32:22+00:00,MSFT,2026-09-11,495.6300048828125,27.62709,8.320827,56.87766338478968,-3.845036475439903,0.5346766344550511,,-0.21034120097527284,,
2026-09-13T08:32:22+00:00,GOOGL,2026-09-11,338.5,16.975927,6.6508174,46.912651769337245,-0.4013438126188058,0.37448948378037267,,-0.018396977724101135,,
2026-09-13T08:32:22+00:00,AMZN,2026-09-11,256.7799987792969,20.658085,5.0195484,48.91355116653905,-1.1099799267143222,0.3584561853517981,,-0.10425528904344043,,
2026-09-13T08:32:22+00:00,NVDA,2026-09-11,218.2899932861328,27.631645,23.019087,49.9417880972908,-0.5070806894847206,0.4323251574428066,,-0.057569223113631336,,
2026-09-13T08:32:22+00:00,META,2026-09-11,648.030029296875,24.389538,6.321011,67.17924279645285,9.875251221869128,0.9481414138112477,,-0.0566611627182854,,
2026-09-13T08:32:22+00:00,TSLA,2026-09-11,365.44000244140625,332.21817,16.614685,54.4510322793584,1.862702467290648,0.7371887033639399,,0.07411309340707065,,
2026-09-13T13:42:50+00:00,AAPL,2026-09-11,332.2699890136719,38.148106,45.14538,62.84281926386405,1.314722290454161,1.0135018634094148,,-0.11654877046738452,
2026-09-13T13:42:50+00:00,MSFT,2026-09-11,495.6300048828125,27.62709,8.320827,56.877663384926535,-3.8450364754061077,0.5346766344550585,,-0.21034120097574205,
2026-09-13T13:42:50+00:00,GOOGL,2026-09-11,338.5,16.975927,6.6508174,46.912651769337245,-0.4013438126188058,0.37448948378037267,,-0.018396977724101135,
2026-09-13T13:42:50+00:00,AMZN,2026-09-11,256.7799987792969,20.658085,5.0195484,48.91355116653905,-1.1099799267143222,0.3584561853517981,,-0.10425528904344043,
2026-09-13T13:42:50+00:00,NVDA,2026-09-11,218.2899932861328,27.631645,23.019087,49.94178809721194,-0.5070806894530673,0.4323251574427984,,-0.05756922310905507,
2026-09-13T13:42:50+00:00,META,2026-09-11,648.030029296875,24.389538,6.321011,67.17924279828031,9.875251221604492,0.9481414138112493,,-0.056661162726919734,
2026-09-13T13:42:50+00:00,TSLA,2026-09-11,365.44000244140625,332.21817,16.614685,54.4510322793584,1.862702467290648,0.7371887033639399,,0.07411309340707065,
2026-09-14T22:06:21+00:00,AAPL,2026-09-14,333.0799865722656,38.2411,45.255432,63.36912984911833,1.6154974886644737,0.970676316208283,,-0.06399552341441611,
2026-09-14T22:06:21+00:00,MSFT,2026-09-14,505.4100036621094,28.17224,8.485017,61.58017173383024,-3.0867269050299164,0.7588993141386391,,-0.4751505099114075,
2026-09-14T22:06:21+00:00,GOOGL,2026-09-14,349.3900146484375,17.522066,6.8647833,55.27304202242117,0.595207747002001,0.9138131119525188,,-0.14738087601839894,
2026-09-14T22:06:21+00:00,AMZN,2026-09-14,253.5399932861328,20.397425,4.9562125,45.84245229533003,-1.0613521175275968,0.18415013205368289,,-0.01842538260855027,
2026-09-14T22:06:21+00:00,NVDA,2026-09-14,210.9600067138672,26.703798,22.246126,44.0664536128582,-1.2101982339365005,0.17102279491452385,,-0.015155775674498221,
2026-09-14T22:06:21+00:00,META,2026-09-14,665.5999755859375,25.050808,6.4923916,70.76686800018214,10.412209318796844,0.9874336823231821,,-0.10205161056769455,
2026-09-14T22:06:21+00:00,TSLA,2026-09-14,358.9700012207031,326.33636,16.320526,51.50366823229127,1.0948893799429102,0.5718162077799654,,0.12993337846136066,
2026-09-15T22:06:20+00:00,AAPL,2026-09-15,331.3399963378906,37.95418,45.01902,61.35854543901361,1.5868226593827508,0.8775791618378566,,-0.011515662067842498,
2026-09-15T22:06:20+00:00,MSFT,2026-09-15,497.1199951171875,27.710144,8.34584,56.00503814303742,-3.1011459278830564,0.5374631714024932,,-0.25651485837319693,
2026-09-15T22:06:20+00:00,GOOGL,2026-09-15,344.9800109863281,17.318274,6.7781363,51.72085017531151,0.9345589389472853,0.6897767422987195,,0.07137842312459435,
2026-09-15T22:06:20+00:00,AMZN,2026-09-15,248.4199981689453,20.00161,4.8561263,41.41705416749912,-1.3020427227913043,-0.028459180946958446,,0.08678354890155772,
2026-09-15T22:06:20+00:00,NVDA,2026-09-15,212.1699981689453,26.82301,22.373722,45.21227131929605,-1.535851271331115,0.24604026871538082,,-0.05033581130465123,
2026-09-15T22:06:20+00:00,META,2026-09-15,670.239990234375,25.23494,6.5376515,71.64826472755757,10.437504927568186,0.9440497288673122,,-0.08072511772653455,
2026-09-15T22:06:20+00:00,TSLA,2026-09-15,356.5799865722656,330.16663,16.211864,50.418006904223205,0.3721730995798769,0.49358058146210954,,0.06961470514497085,
2026-09-15T23:44:43+00:00,AAPL,2026-09-15,331.3399963378906,37.95418,45.01902,61.35854543901557,1.5868226593825532,0.8775791618378566,,-0.01151566206785529,
2026-09-15T23:44:43+00:00,MSFT,2026-09-15,497.1199951171875,27.710144,8.34584,56.0050381429473,-3.1011459278539384,0.5374631714024668,,-0.25651485837274673,
2026-09-15T23:44:43+00:00,GOOGL,2026-09-15,344.9800109863281,17.318274,6.7781363,51.72085017698606,0.9345589424765364,0.6897767422985916,,0.07137842348318095,
2026-09-15T23:44:43+00:00,AMZN,2026-09-15,248.4199981689453,20.00161,4.8561263,41.41705416749912,-1.3020427227913043,-0.028459180946958446,,0.08678354890155772,
2026-09-15T23:44:43+00:00,NVDA,2026-09-15,212.1699981689453,26.82301,22.373722,45.21227131553993,-1.5358512722619775,0.24604026871536716,,-0.050335811318138114,
2026-09-15T23:44:43+00:00,META,2026-09-15,670.239990234375,25.23494,6.5376515,71.6482647275522,10.437504927566222,0.9440497288673068,,-0.0807251177265048,
2026-09-15T23:44:43+00:00,TSLA,2026-09-15,356.5799865722656,330.16663,16.211864,50.418006904223205,0.3721730995798769,0.49358058146210954,,0.06961470514497085,
2026-09-15T23:49:39+00:00,AAPL,2026-09-15,331.3399963378906,37.95418,45.01902,61.35854547080767,1.5868226557126057,0.8775791618377545,,-0.011515662288661492,0.24285714285714288
2026-09-15T23:49:39+00:00,MSFT,2026-09-15,497.1199951171875,27.710144,8.34584,56.00503814285074,-3.1011459278824614,0.5374631714024686,,-0.2565148583723811,-0.7
2026-09-15T23:49:39+00:00,GOOGL,2026-09-15,344.9800109863281,17.318274,6.7781363,51.7208501750134,0.9345589390149707,0.6897767422985288,,0.07137842313303473,-0.08095238095238091
2026-09-15T23:49:39+00:00,AMZN,2026-09-15,248.4199981689453,20.00161,4.8561263,41.41705416749912,-1.3020427227913043,-0.028459180946958446,,0.08678354890155772,-0.25384615384615383
2026-09-15T23:49:39+00:00,NVDA,2026-09-15,212.1699981689453,26.82301,22.373722,45.21227131570435,-1.5358512722348863,0.2460402687153444,,-0.050335811317918276,0.4543478260869565
2026-09-15T23:49:39+00:00,META,2026-09-15,670.239990234375,25.23494,6.5376515,71.6482647275522,10.437504927566222,0.9440497288673068,,-0.0807251177265048,-0.7
2026-09-15T23:49:39+00:00,TSLA,2026-09-15,356.5799865722656,330.16663,16.211864,50.418006904223205,0.3721730995798769,0.49358058146210954,,0.06961470514497085,-0.25384615384615383
2026-09-16T22:05:50+00:00,AAPL,2026-09-16,332.4100036621094,38.16418,45.164402,62.153773409210665,1.5288689067493437,0.8667635032342529,,-0.014209603531146824,0.24285714285714288
2026-09-16T22:05:50+00:00,MSFT,2026-09-16,490.29998779296875,27.314762,8.231344,51.84643131582204,-3.498260190042224,0.33775474633337293,,-0.14548992989708284,-0.7
2026-09-16T22:05:50+00:00,GOOGL,2026-09-16,342.8699951171875,17.195084,6.7366786,50.0630518288401,0.9888501369169767,0.5888134142519995,,0.11346513195866856,-0.08095238095238091
2026-09-16T22:05:50+00:00,AMZN,2026-09-16,245.9600067138672,19.803543,4.808038,39.44670208590373,-1.5387322764325844,-0.04224879078847138,,0.07710954367134779,-0.25384615384615383
2026-09-16T22:05:50+00:00,NVDA,2026-09-16,213.89999389648438,27.04172,22.556152,46.88755086655734,-1.5711596258065326,0.32747269442115345,,-0.09403233121488969,0.4543478260869565
2026-09-16T22:05:50+00:00,META,2026-09-16,673.3099975585938,25.369629,6.567597,72.24454396958868,10.016790939007088,0.9085535851859039,,-0.06221543614127031,-0.7
2026-09-16T22:05:50+00:00,TSLA,2026-09-16,358.0799865722656,334.65417,16.280062,51.114490791094354,-0.03698801501664928,0.5056132222982797,,-0.01433641054312722,-0.25384615384615383
2026-09-17T22:06:12+00:00,AAPL,2026-09-17,337.0,38.69116,45.788044,65.43948116038692,1.6767546035110277,0.9363123187531551,,-0.05504437457006638,0.24285714285714288
2026-09-17T22:06:12+00:00,MSFT,2026-09-17,497.75,27.74526,8.356418,55.71486887561964,-3.1957704857701454,0.5255738190151183,,-0.2573530773343133,-0.7
2026-09-17T22:06:12+00:00,GOOGL,2026-09-17,347.3299865722656,17.436245,6.824308,53.458809050791466,1.278653951960154,0.7950035711120619,,0.03935895618264715,-0.08095238095238091
2026-09-17T22:06:12+00:00,AMZN,2026-09-17,251.19000244140625,20.224638,4.9102745,45.39446647132406,-1.2662422816872392,0.23236260040104775,,-0.05280312674219675,-0.25384615384615383
2026-09-17T22:06:12+00:00,NVDA,2026-09-17,219.33999633789062,27.729456,23.129812,51.87119948160451,-1.1822896618726702,0.5352000896413308,,-0.16745456647643814,0.4543478260869565
2026-09-17T22:06:12+00:00,META,2026-09-17,682.3099975585938,25.718431,6.6553845,73.97271383269332,9.694189321732022,0.9075805136857149,,-0.06446840123980914,-0.7
2026-09-17T22:06:12+00:00,TSLA,2026-09-17,366.20001220703125,342.24298,16.649239,54.81477427961257,0.19438893339312902,0.7217126215077769,,-0.08550579955940797,-0.25384615384615383
2026-09-18T22:06:07+00:00,AAPL,2026-09-18,336.1300048828125,38.502865,45.669838,64.30000226985045,1.5936385164489546,0.867216234762218,,-0.0373976889418355,0.24285714285714288
2026-09-18T22:06:07+00:00,MSFT,2026-09-18,493.7799987792969,27.47802,8.289767,53.259468269799264,-3.1921543247086994,0.37925825581482503,,-0.3076259606411396,-0.7
2026-09-18T22:06:07+00:00,GOOGL,2026-09-18,349.5400085449219,17.529589,6.8677306,55.08855087920971,1.5543784055943004,0.8578155806506468,,0.036413567840891156,-0.08095238095238091
2026-09-18T22:06:07+00:00,AMZN,2026-09-18,253.7100067138672,20.411102,4.959536,48.042646553138205,-0.8589520890331293,0.3756981699291121,,-0.15298748977408305,-0.25384615384615383
2026-09-18T22:06:07+00:00,NVDA,2026-09-18,222.27000427246094,28.064394,23.438786,54.35544559542461,-0.7054254826411768,0.6373474728879867,,-0.33993490973683205,0.4543478260869565
2026-09-18T22:06:07+00:00,META,2026-09-18,665.75,25.084776,6.493855,65.84841448652918,7.796719576505545,0.7880608134904961,,0.03922098360100134,-0.7
2026-09-18T22:06:07+00:00,TSLA,2026-09-18,364.2699890136719,343.65094,16.561491,53.77291716016558,0.17329993096584095,0.6462742664073768,,-0.06280736526717211,-0.25384615384615383
2026-09-21T22:05:57+00:00,AAPL,2026-09-21,338.9800109863281,38.918484,46.057064,66.36612821963504,1.603861628858418,0.8987284561788286,,-0.041228231846535034,0.24285714285714288
2026-09-21T22:05:57+00:00,MSFT,2026-09-21,501.6099853515625,27.913746,8.421221,57.26019321421244,-2.615732699292435,0.6137110452528614,,-0.42234679101067746,-0.7
2026-09-21T22:05:57+00:00,GOOGL,2026-09-21,354.9700012207031,17.819778,6.9744186,58.89695319978321,2.0087725168187602,1.0130301587099289,,-0.058358940342260336,-0.08095238095238091
2026-09-21T22:05:57+00:00,AMZN,2026-09-21,258.45001220703125,20.792439,5.0521936,52.69019869273661,-0.24488956030961617,0.6193911707281856,,-0.16398201318359307,-0.25384615384615383
2026-09-21T22:05:57+00:00,NVDA,2026-09-21,227.3800048828125,28.745892,23.977646,58.389392707684216,-0.05767637540747805,0.8009264448354148,,-0.16716680484713758,0.4543478260869565
2026-09-21T22:05:57+00:00,META,2026-09-21,741.2449951171875,27.908321,7.230248,77.81224540781676,10.86858575972397,1.085674571443733,,-0.20859184083072513,-0.7
2026-09-21T22:05:57+00:00,TSLA,2026-09-21,375.29998779296875,344.3119,17.062967,58.61418930049096,0.8217589964892484,0.9332393367772926,,-0.08368245641695418,-0.25384615384615383
2026-09-22T22:05:44+00:00,AAPL,2026-09-22,339.75,39.00689,46.161682,66.92310482567228,1.53565464769743,0.8786610536004585,,-0.4101558083704383,0.24285714285714288
2026-09-22T22:05:44+00:00,MSFT,2026-09-22,498.0,27.712856,8.360615,54.925921400567105,-2.4346151610869384,0.4629079159154394,,-0.29800684097894165,-0.7
2026-09-22T22:05:44+00:00,GOOGL,2026-09-22,351.1600036621094,17.63737,6.89956,55.350321638140365,1.9570802353542227,0.8423679899322933,,0.4686670949164833,-0.08095238095238091
2026-09-22T22:05:44+00:00,AMZN,2026-09-22,254.97999572753906,20.513273,4.9843616,49.21923988882253,-0.056802579765212746,0.457688704397705,,0.062159141959430265,-0.25384615384615383
2026-09-22T22:05:44+00:00,NVDA,2026-09-22,228.8699951171875,28.934261,24.134768,59.51297424992961,0.432334834179549,0.828959742378337,,-0.2744982550677573,0.4543478260869565
2026-09-22T22:05:44+00:00,META,2026-09-22,736.594970703125,27.754143,7.1848907,76.10589376461189,11.803986341844919,0.9857024634301453,,-0.7304546977574844,-0.7
2026-09-22T22:05:44+00:00,TSLA,2026-09-22,378.8999938964844,347.61465,17.22664,60.083548339776286,1.379846764437648,0.9658314009709466,,-0.41048102582787815,-0.25384615384615383
2026-09-23T22:06:29+00:00,AAPL,2026-09-23,337.0199890136719,38.604813,45.79076,62.94319361041229,1.1950028499013294,0.7826673724823257,,-0.23112430240881066,0.24285714285714288
2026-09-23T22:06:29+00:00,MSFT,2026-09-23,500.5899963378906,28.075714,8.404097,56.30229282040142,-2.1095437070500935,0.5471820042744668,,-0.26653123805932266,-0.7
2026-09-23T22:06:29+00:00,GOOGL,2026-09-23,337.8299865722656,16.933834,6.637653,45.114359539864395,0.9788866058980934,0.3407476167158768,,0.5043393310209174,-0.08095238095238091
2026-09-23T22:06:29+00:00,AMZN,2026-09-23,249.27000427246094,20.07005,4.8727427,44.07415719162127,-0.28838914009663075,0.1862041848881344,,0.48665490927203414,-0.25384615384615383
2026-09-23T22:06:29+00:00,NVDA,2026-09-23,225.50999450683594,28.509481,23.780449,55.850552065233984,0.4872913472605318,0.6784174286878378,,0.12362250140215789,0.4543478260869565
2026-09-23T22:06:29+00:00,META,2026-09-23,744.0999755859375,28.036924,7.258096,77.0127671084527,12.032758654304118,0.952058566891792,,0.5617230579140388,-0.7
2026-09-23T22:06:29+00:00,TSLA,2026-09-23,380.1199951171875,348.73392,17.282108,60.594143172977624,1.6970044389940995,0.9369751415632688,,-0.44244462853555744,-0.25384615384615383
2026-09-24T22:06:21+00:00,AAPL,2026-09-24,335.9200134277344,38.478813,45.641304,61.359814275262195,0.8027468605342083,0.7301690326296955,,-0.15198641853392078,0.24285714285714288
2026-09-24T22:06:21+00:00,MSFT,2026-09-24,497.92999267578125,27.70896,8.359439,54.46288856182495,-2.0415201825960514,0.4376811226517088,,-0.20078916494746357,-0.7
2026-09-24T22:06:21+00:00,GOOGL,2026-09-24,342.3599853515625,17.178122,6.726658,48.59355022130099,0.6088118256520019,0.5161749500905385,,0.19196855437314142,-0.08095238095238091
2026-09-24T22:06:21+00:00,AMZN,2026-09-24,249.3800048828125,20.046625,4.8748927,44.19518218781976,-0.39880321238009886,0.2215403628618764,,0.3106010657113288,-0.25384615384615383
2026-09-24T22:06:21+00:00,NVDA,2026-09-24,224.5800018310547,28.35606,23.682379,54.844513033715195,0.42064988639053036,0.6226845469604027,,0.10637174628742416,0.4543478260869565
2026-09-24T22:06:21+00:00,META,2026-09-24,777.5900268554688,29.276733,7.5847645,80.5547926866819,13.455343686197303,1.0068184241227947,,-0.871404755415134,-0.7
2026-09-24T22:06:21+00:00,TSLA,2026-09-24,377.94000244140625,356.54718,17.182995,59.138432599235834,1.6256782837235644,0.8530225494913513,,-0.2782190791647923,-0.25384615384615383
2026-09-25T22:05:39+00:00,AAPL,2026-09-25,341.07000732421875,39.068733,46.341034,65.70914712476585,0.7957378778270883,0.8484868091150665,,-0.295355034836251,0.24285714285714288,10
2026-09-25T22:05:39+00:00,MSFT,2026-09-25,516.1699829101562,28.723984,8.665659,63.313685407393656,-0.7997333872544061,1.0613230411779815,,-1.0,-0.7,10
2026-09-25T22:05:39+00:00,GOOGL,2026-09-25,343.9200134277344,17.256397,6.7573094,49.77431725784874,0.4483698949491207,0.5701283254951596,,0.11756599649300875,-0.08095238095238091,10
2026-09-25T22:05:39+00:00,AMZN,2026-09-25,249.6699981689453,20.102255,4.8805614,44.53594345772326,-0.4150849542829762,0.2599310403737301,,0.26778407545479715,-0.25384615384615383,10
2026-09-25T22:05:39+00:00,NVDA,2026-09-25,225.07000732421875,28.453857,23.73405,55.301378084088235,0.37094884443866305,0.6531657163903051,,0.11028986564084205,0.4543478260869565,10
2026-09-25T22:05:39+00:00,META,2026-09-25,751.6599731445312,28.343136,7.3318377,71.38341527144182,11.729093652126714,0.8616932782752933,,0.49433622890563833,-0.7,10
2026-09-25T22:05:39+00:00,TSLA,2026-09-25,372.1099853515625,338.2818,16.917934,55.31142286642093,1.077955860373363,0.6762484223511741,,-0.22759396267212134,-0.25384615384615383,10
2026-09-28T22:06:05+00:00,AAPL,2026-09-28,338.3999938964844,38.762886,45.97826,61.82379415361121,0.5296934452922484,0.7436693946603046,,-0.22980168458971734,0.24285714285714288,13
2026-09-28T22:06:05+00:00,MSFT,2026-09-28,509.2200012207031,28.353008,8.548981,58.63705759445905,-0.4930934456743712,0.844755747019035,,-0.4270157719828343,-0.7,13
2026-09-28T22:06:05+00:00,GOOGL,2026-09-28,342.75,17.214968,6.734321,48.867725256050576,0.2524855939515259,0.5319806414624677,,0.0645318683760072,-0.08095238095238091,13
2026-09-28T22:06:05+00:00,AMZN,2026-09-28,246.14999389648438,19.802895,4.8117523,41.24381169115133,-0.6137119433416558,0.07903462399976866,,0.4704560064221074,-0.25384615384615383,13
2026-09-28T22:06:05+00:00,NVDA,2026-09-28,228.86000061035156,28.96962,24.133713,58.77557077196349,0.5442231889529694,0.7908068245099875,,-0.4102886837757187,0.4543478260869565,13
2026-09-28T22:06:05+00:00,META,2026-09-28,715.6199951171875,26.973991,6.9802966,60.98980897942577,7.447782954720822,0.6977134026498634,,0.4934214315251554,-0.7,13
2026-09-28T22:06:05+00:00,TSLA,2026-09-28,357.45001220703125,330.97223,16.251421,47.06386631027431,-0.30561412003289146,0.24340408001344502,,0.3061540634033526,-0.25384615384615383,13
2026-09-29T22:06:15+00:00,AAPL,2026-09-29,329.3999938964844,37.73196,44.755432,50.89870177403228,-0.28993513789179737,0.44910289497017786,,-0.07178852584117923,0.24285714285714288,14
2026-09-29T22:06:15+00:00,MSFT,2026-09-29,508.9599914550781,28.401785,8.544615,58.46307420718441,-0.3605977676387724,0.8270748773731273,,-0.4198020614754393,-0.7,14
2026-09-29T22:06:15+00:00,GOOGL,2026-09-29,340.9200134277344,17.123055,6.6983657,47.41311453883163,0.001961881657870923,0.456136675678807,,0.048733899700425895,-0.08095238095238091,14
2026-09-29T22:06:15+00:00,AMZN,2026-09-29,246.6699981689453,19.84473,4.8219175,41.92676528773927,-0.6569943753475476,0.14479657101421717,,0.39476028955340536,-0.25384615384615383,14
2026-09-29T22:06:15+00:00,NVDA,2026-09-29,227.2100067138672,28.688131,23.959719,56.70904525853227,0.49976318908202666,0.700590293704389,,0.17195253315811607,0.4543478260869565,14
2026-09-29T22:06:15+00:00,META,2026-09-29,738.7899780273438,27.826365,7.206301,64.56221893545167,5.551109451413794,0.7689970528206158,,0.3012976283409639,-0.7,14
2026-09-29T22:06:15+00:00,TSLA,2026-09-29,352.8399963378906,329.757,16.041826,44.80153057932566,-1.498486764223406,0.14961433318178363,,0.33510538257199385,-0.25384615384615383,14
2026-09-30T22:06:29+00:00,AAPL,2026-09-30,333.0199890136719,38.14662,45.24728,54.3899459559235,-0.6075338270399486,0.5552608783182174,,-0.2498121092478848,,15
2026-09-30T22:06:29+00:00,MSFT,2026-09-30,512.9000244140625,28.542017,8.610762,60.38142910537593,-0.07533919408422385,0.9130210449826914,,-0.6890164168631943,,15
2026-09-30T22:06:29+00:00,GOOGL,2026-09-30,344.0799865722656,17.255766,6.7604523,50.17130596059717,0.04876721411490442,0.5651719519901994,,-0.10748022264976628,,15
2026-09-30T22:06:29+00:00,AMZN,2026-09-30,249.14999389648438,20.044247,4.8703966,45.198360404685516,-0.4740613997086447,0.31108262813957394,,0.2618361030424598,,15
2026-09-30T22:06:29+00:00,NVDA,2026-09-30,228.3800048828125,28.872314,24.083097,57.84098131012347,0.49998842188163106,0.7272033152012176,,-0.263939847740454,,15
2026-09-30T22:06:29+00:00,META,2026-09-30,725.1799926757812,26.456768,7.073547,61.02695779877561,2.8886433681110617,0.6919859042784471,,0.13706442598776236,,15
2026-09-30T22:06:29+00:00,TSLA,2026-09-30,354.80999755859375,325.51376,16.131393,45.996183844251334,-2.085964957176844,0.2089365216300266,,0.31413710271268025,,15
2026-10-01T22:05:56+00:00,AAPL,2026-10-01,330.32000732421875,37.837345,44.880436,51.451467334459295,-0.9957623179633748,0.45602471456948834,,-0.2362788669831962,,16
2026-10-01T22:05:56+00:00,MSFT,2026-10-01,512.7999877929688,28.568243,8.609082,60.305275384944665,0.03305837950550128,0.8624957304171392,,-0.4196485923841489,,16
2026-10-01T22:05:56+00:00,GOOGL,2026-10-01,338.239990234375,16.97992,6.6457086,45.42895592139412,-0.29498916248341234,0.32111530718281167,,0.2586655417317027,,16
2026-10-01T22:05:56+00:00,AMZN,2026-10-01,248.22999572753906,19.970232,4.852412,44.20350212985917,-0.37482982690101974,0.2791803755792504,,0.2490209980466853,,16
2026-10-01T22:05:56+00:00,NVDA,2026-10-01,230.86000061035156,29.222784,24.344618,60.21556885793196,0.610671103060894,0.8065972884725346,,-0.3071303350695051,,16
2026-10-01T22:05:56+00:00,META,2026-10-01,725.9299926757812,27.352297,7.0808625,61.1531940689905,0.7956011647896375,0.6766028957126119,,-0.11959903749286069,,16
2026-10-01T22:05:56+00:00,TSLA,2026-10-01,354.1099853515625,334.06604,16.099567,45.61836989375897,-2.4288368317964206,0.1989597340674975,,0.25267661907648903,,16
2026-10-02T22:05:39+00:00,AAPL,2026-10-02,333.69000244140625,38.2672,45.338314,54.738372368909815,-1.0182673432379437,0.5609336678805935,,-0.2482557578073337,,17
2026-10-02T22:05:39+00:00,MSFT,2026-10-02,517.530029296875,28.831755,8.688492,62.70069672609225,0.3330894954320289,0.9655751645009681,,-0.48943724220466023,,17
2026-10-02T22:05:39+00:00,GOOGL,2026-10-02,343.5,17.243977,6.749057,50.01208344494232,-0.15647297974386898,0.5364124528087096,,-0.057784826905073056,,17
2026-10-02T22:05:39+00:00,AMZN,2026-10-02,251.52000427246094,20.21865,4.9167256,48.563668276219744,-0.06373545852563689,0.4923016256798225,,-0.015092074220798234,,17
2026-10-02T22:05:39+00:00,NVDA,2026-10-02,233.9499969482422,29.53914,24.670464,63.01107930896096,0.8223211668188233,0.8986568646775378,,-0.5529114340093954,,17
2026-10-02T22:05:39+00:00,META,2026-10-02,728.0800170898438,27.402334,7.1018343,61.537807166330076,-0.7432835854724686,0.66797047584863,,-0.13730816089206296,,17
2026-10-02T22:05:39+00:00,TSLA,2026-10-02,370.5899963378906,349.61322,16.84883,54.99157328211436,-1.498495458228645,0.6610211467090513,,-0.38485277503494536,,17
2026-10-05T22:07:20+00:00,AAPL,2026-10-05,332.8900146484375,38.17546,45.22962,53.80707334366592,-1.0741619685648676,0.5128140553087414,,-0.2702448514452633,,20
2026-10-05T22:07:20+00:00,MSFT,2026-10-05,525.1799926757812,29.257936,8.816923,66.24821544680404,0.9230881045554371,1.056734217609963,,-0.7774748513709664,,20
2026-10-05T22:07:20+00:00,GOOGL,2026-10-05,346.4700012207031,17.384344,6.807411,52.44086333150147,0.13127470251658646,0.6433839660507545,,-0.15932863631469205,,20
2026-10-05T22:07:20+00:00,AMZN,2026-10-05,251.39999389648438,20.22526,4.9143796,48.415046280367875,0.14636816384182438,0.5078444140932705,,0.055135158643330476,,20
2026-10-05T22:07:20+00:00,NVDA,2026-10-05,238.89999389648438,30.202276,25.19245,67.01015765036189,1.202987244500195,1.016623570112858,,-0.6556301637138586,,20
2026-10-05T22:07:20+00:00,META,2026-10-05,741.9000244140625,27.954031,7.236637,64.00476919744165,-1.1077170758750228,0.719692177192457,,-0.20652324285380727,,20
2026-10-05T22:07:20+00:00,TSLA,2026-10-05,378.7300109863281,350.67593,17.218914,58.771515157633786,-0.3477223933486595,0.8500688991445061,,-0.5341376177307924,,20
2026-10-06T22:06:01+00:00,AAPL,2026-10-06,333.6300048828125,38.26032,45.330162,54.57691502606902,-1.0473284202691628,0.5097159541970989,,-0.23265811369453293,,21
2026-10-06T22:06:01+00:00,MSFT,2026-10-06,529.2999877929688,29.487463,8.886091,68.01272310801085,1.4365257420086852,1.0418333177264658,,-0.6075319985266748,,21
2026-10-06T22:06:01+00:00,GOOGL,2026-10-06,347.67999267578125,17.445057,6.831185,53.43353832384384,0.3848546519567212,0.6748695578449021,,-0.1331439899279894,,21
2026-10-06T22:06:01+00:00,AMZN,2026-10-06,256.2900085449219,20.618664,5.0099697,54.52229956242269,0.6015532476641652,0.8534001197098858,,-0.37834888527376054,,21
2026-10-06T22:06:01+00:00,NVDA,2026-10-06,239.24000549316406,30.24526,25.228304,67.27190558354108,1.3726937968141049,0.9559701216299238,,-0.4712102888111976,,21
2026-10-06T22:06:01+00:00,META,2026-10-06,738.8800048828125,27.84024,7.2071795,63.05302454556986,-1.7890895663576032,0.6868363370274068,golden,0.26694303715327977,,21
2026-10-06T22:06:01+00:00,TSLA,2026-10-06,380.67999267578125,352.48148,17.30757,59.64583631138435,0.4866465260840176,0.8638826846278765,,-0.3577634138332876,,21
2026-10-07T22:06:17+00:00,AAPL,2026-10-07,336.6700134277344,38.608944,45.743206,57.69608968754821,-0.8208802446396533,0.6476056691264375,,-0.26081671957398267,,22
2026-10-07T22:06:17+00:00,MSFT,2026-10-07,529.760009765625,29.513092,8.893814,68.21254738187244,1.6382161607301526,0.9741016163951111,,-0.4349051514160392,,22
2026-10-07T22:06:17+00:00,GOOGL,2026-10-07,350.5,17.586554,6.8865924,55.75159034620623,0.7055961566856808,0.7804047163137657,,-0.24077003157686847,,22
2026-10-07T22:06:17+00:00,AMZN,2026-10-07,259.9200134277344,20.9107,5.0809293,58.45444143289167,1.1047071537247943,1.0113135288589017,,-0.5614606055124529,,22
2026-10-07T22:06:17+00:00,NVDA,2026-10-07,237.47000122070312,30.021492,25.041655,64.40706173879131,1.2634937850773982,0.8559868150305957,,0.28791770303150316,,22
2026-10-07T22:06:17+00:00,META,2026-10-07,721.3099975585938,27.17822,7.035798,57.679304092578526,-3.5578631259502203,0.5620222639588182,,-0.19722733062953787,,22
2026-10-07T22:06:17+00:00,TSLA,2026-10-07,377.80999755859375,349.82407,17.177086,57.70615564254274,0.7702517390081272,0.7672279901572482,,-0.23741316052822442,,22
2026-10-08T22:07:44+00:00,AAPL,2026-10-08,340.4200134277344,39.03899,46.25272,61.23256989119363,-0.4340073391623367,0.8813116861058164,,-0.4792181531171385,,23
2026-10-08T22:07:44+00:00,MSFT,2026-10-08,522.6099853515625,29.114761,8.773776,61.75513579952146,1.1445472944131172,0.7962310800259065,,-0.3261079633301795,,23
2026-10-08T22:07:44+00:00,GOOGL,2026-10-08,348.2900085449219,17.475664,6.8431706,53.50378065228512,0.7290084484991127,0.6631478109818891,,0.18989741033152316,,23
2026-10-08T22:07:44+00:00,AMZN,2026-10-08,254.05999755859375,20.439259,4.9663773,50.815956969492994,1.0034020191522548,0.6419831210617927,,0.2830363877309143,,23
2026-10-08T22:07:44+00:00,NVDA,2026-10-08,230.47999572753906,29.1378,24.304544,54.530713863544996,0.6491969386913023,0.6303452292162108,,0.3142289048677276,,23
2026-10-08T22:07:44+00:00,META,2026-10-08,720.8900146484375,27.162395,7.0317016,57.553037939277836,-4.812892983590579,0.537923753730866,,-0.3058394337134511,,23
2026-10-08T22:07:44+00:00,TSLA,2026-10-08,375.0,347.2222,17.049328,55.793045913108536,0.695855171420436,0.6799064346390603,,-0.17414701615866146,,23
