date,equity,daily_return
2026-09-13,100000.0,
2026-09-13,100000.0,0.0
2026-09-14,100000.0,0.0
2026-09-14,100000.0,0.0
2026-09-14,100000.0,0.0
2026-09-14,100000.0,0.0
2026-09-14,100000.0,0.0
2026-09-15,100000.0,0.0
2026-09-16,100000.0,0.0
2026-09-16,100000.0,0.0
2026-09-17,100000.0,0.0
2026-09-18,100000.0,0.0
2026-09-21,100000.0,0.0
2026-09-22,100000.0,0.0
2026-09-23,99984.0,-0.000160000000000049
2026-09-24,100198.33118244757,0.0021436548092450547
2026-09-25,100272.14194454876,0.0007366466210578793
2026-09-28,100216.78423394806,-0.000552074679239567
2026-09-29,100130.20072587088,-0.0008639621470497572
2026-09-30,100279.71087224559,0.0014931573620233785
2026-10-01,100003.3988064874,-0.002755413466540624
