Date,Open,High,Low,Close,Volume,RSI,MACD,MACD_SIGNAL,MACD_HIST,MACD_HIST_STD_60,BB_MID,BB_UPPER,BB_LOWER,BB_PCT_B,MA_50,MA_200,MA_CROSS,VOL_MA_20,VOL_RATIO
2025-10-03 00:00:00-04:00,443.2900085449219,446.7699890136719,416.5799865722656,429.8299865722656,133188200,,0.0,0.0,0.0,,,,,,,,,,
2025-10-06 00:00:00-04:00,440.75,453.54998779296875,436.69000244140625,453.25,85324900,,1.8682631794204099,0.373652635884082,1.494610543536328,,,,,,,,,,
2025-10-07 00:00:00-04:00,447.82000732421875,452.67999267578125,432.45001220703125,433.0899963378906,102296100,,1.7025059688331794,0.6394233024739016,1.0630826663592778,,,,,,,,,,
2025-10-08 00:00:00-04:00,437.57000732421875,441.3299865722656,425.2300109863281,438.69000244140625,71192100,,1.999961564592752,0.9115309548976717,1.0884306096950804,,,,,,,,,,
2025-10-09 00:00:00-04:00,431.80999755859375,436.3500061035156,426.17999267578125,435.5400085449219,69339900,,1.958937671356125,1.1210122981893624,0.8379253731667626,,,,,,,,,,
2025-10-10 00:00:00-04:00,436.5400085449219,443.1300048828125,411.45001220703125,413.489990234375,112107900,,0.14549654878976526,0.925909148309443,-0.7804125995196778,,,,,,,,,,
2025-10-13 00:00:00-04:00,423.5299987792969,436.8900146484375,419.70001220703125,435.8999938964844,79552800,,0.5107438639981297,0.8428760914471805,-0.3321322274490508,,,,,,,,,,
2025-10-14 00:00:00-04:00,426.7900085449219,434.20001220703125,417.8599853515625,429.239990234375,72669400,,0.25980350413271935,0.7262615739842884,-0.466458069851569,,,,,,,,,,
2025-10-15 00:00:00-04:00,434.8999938964844,440.510009765625,426.3299865722656,435.1499938964844,71558200,,0.5316903689746937,0.6873473329823695,-0.1556569640076758,,,,,,,,,,
2025-10-16 00:00:00-04:00,434.7300109863281,439.3500061035156,421.30999755859375,428.75,77189900,,0.22810717026840166,0.595499300439576,-0.36739213017117434,,,,,,,,,,
2025-10-17 00:00:00-04:00,425.5,441.4599914550781,423.6000061035156,439.30999755859375,89331600,,0.8300505415371049,0.6424095486590818,0.18764099287802305,,,,,,,,,,
2025-10-20 00:00:00-04:00,443.8699951171875,449.79998779296875,440.6099853515625,447.42999267578125,63719000,,1.9399482287564638,0.9019172846785583,1.0380309440779056,,,,,,,,,,
2025-10-21 00:00:00-04:00,445.760009765625,449.29998779296875,442.04998779296875,442.6000061035156,54412200,,2.4021204425652627,1.2019579162558993,1.2001625263093634,,,,,,,,,,
2025-10-22 00:00:00-04:00,443.45001220703125,445.5400085449219,429.0,438.9700012207031,84023500,,2.4472735488570265,1.4510210427761248,0.9962525060809018,,,,,,,,,,
2025-10-23 00:00:00-04:00,420.0,449.3999938964844,413.8999938964844,448.9800109863281,126709800,81.9543229519555,3.2532800544761358,1.811472845116127,1.4418072093600087,,,,,,,,,,
2025-10-24 00:00:00-04:00,446.8299865722656,451.67999267578125,430.1700134277344,433.7200012207031,94727800,75.87625889343704,2.6303695000312928,1.9752521760991604,0.6551173239321324,,,,,,,,,,
2025-10-27 00:00:00-04:00,439.9800109863281,460.1600036621094,438.69000244140625,452.4200134277344,105867500,78.02684838934317,3.604097310072291,2.3010212028937866,1.3030761071785042,,,,,,,,,,
2025-10-28 00:00:00-04:00,454.7799987792969,467.0,451.6000061035156,460.54998779296875,80185700,78.90724456612283,4.974462098526885,2.8357093820204065,2.138752716506479,,,,,,,,,,
2025-10-29 00:00:00-04:00,462.5,465.70001220703125,452.6499938964844,461.510009765625,67983500,79.01417186295879,6.068003647430828,3.482168235102491,2.585835412328337,,,,,,,,,,
2025-10-30 00:00:00-04:00,451.04998779296875,455.05999755859375,439.6099853515625,440.1000061035156,72447900,70.43819252933778,5.147695410450183,3.8152736701720293,1.3324217402781535,0.9029098024597451,439.9259994506836,463.12546185635273,416.7265370450145,0.5037502302809719,,,,85691395.0,0.8454512848110362
2025-10-31 00:00:00-04:00,446.75,458.0,443.69000244140625,456.55999755859375,83135800,72.87564265258928,5.6810407492840795,4.18842708599444,1.4926136632896396,0.8943317844238331,441.2625,465.0844591674244,417.44054083257555,0.821079753581151,,,,83188775.0,0.9993631953349476
2025-11-03 00:00:00-05:00,455.989990234375,474.07000732421875,453.79998779296875,468.3699951171875,84595200,74.50023997311374,6.9762707687223156,4.745995822540015,2.2302749461823,0.9246701135964647,442.01849975585935,468.2773035162014,415.7596959955173,1.0017649623690412,,,,83152290.0,1.017352618911638
2025-11-04 00:00:00-05:00,454.4599914550781,460.2200012207031,443.6000061035156,444.260009765625,87756600,65.83157280805719,5.988246787032438,4.9944460154385,0.9938007715939374,0.9038226677377387,442.5770004272461,468.5093432273304,416.6446576271618,0.5324500056040719,,,,82425315.0,1.0646801895752536
2025-11-05 00:00:00-05:00,452.04998779296875,466.3299865722656,440.7099914550781,462.07000732421875,85573000,68.72640907354321,6.566652341242673,5.308887280599335,1.2577650606433375,0.8875182470030315,443.7460006713867,471.0140569696603,416.4779443731131,0.8359976679744529,,,,83144360.0,1.0292099187485477
2025-11-06 00:00:00-05:00,461.9599914550781,467.45001220703125,435.0899963378906,445.9100036621094,109622900,63.47178102642292,5.655868339828942,5.378283492445258,0.27758484738368416,0.8772784022916364,444.2645004272461,471.26865414316006,417.26034671133215,0.5304675949517639,,,,85158510.0,1.2872806252716258
2025-11-07 00:00:00-05:00,437.9200134277344,439.3599853515625,421.8800048828125,429.5199890136719,103471500,58.57975823199286,3.570371234688423,5.016701040893891,-1.4463298062054681,0.971343853690321,445.0660003662109,469.0014293202071,421.13057141221475,0.17525103931877647,,,,84726690.0,1.2212385495054745
2025-11-10 00:00:00-05:00,439.6000061035156,449.6700134277344,433.3599853515625,445.2300109863281,76515900,61.632261403048965,3.1489678910472776,4.643154410924569,-1.4941865198772915,1.0475657455810277,445.5325012207031,469.0762180948688,421.98878434653744,0.49357598810774606,,,,84574845.0,0.9047122699426762
2025-11-11 00:00:00-05:00,439.3999938964844,442.489990234375,432.3599853515625,439.6199951171875,60533200,59.93367979178354,2.3354002688209334,4.1816035825038425,-1.846203313682909,1.1340594759949072,446.05150146484374,468.51588712330687,423.5871158063806,0.3568510520288085,,,,83968035.0,0.7209076644463575
2025-11-12 00:00:00-05:00,442.1499938964844,442.3299865722656,426.55999755859375,430.6000061035156,58513500,57.20388235264883,0.9518322073669765,3.5356493074764694,-2.583817100109493,1.2606043563763267,445.8240020751953,468.8386504151233,422.80935373526734,0.16925421264708895,,,,83315800.0,0.7023097659747611
2025-11-13 00:00:00-05:00,423.1300048828125,424.5,396.3399963378906,401.989990234375,118948000,49.50227442688001,-2.4252874224484913,2.343461961491477,-4.768749383939968,1.5669480417056556,444.4860015869141,473.9015213809015,415.07048179292667,-0.22233996968541325,,,,85403705.0,1.392773299472195
2025-11-14 00:00:00-05:00,386.29998779296875,412.19000244140625,382.7799987792969,404.3500061035156,105506700,50.099097777821065,-4.8552768930283605,0.9037141905875097,-5.75899108361587,1.8874840600367835,442.73800201416014,477.174955507938,408.30104852038227,-0.05736631751674146,,,,86212460.0,1.2237987409244557
2025-11-17 00:00:00-05:00,398.739990234375,423.9599914550781,398.739990234375,408.9200134277344,102214300,51.29941172477352,-6.339225017698482,-0.5448736510696887,-5.794351366628793,2.1306175740928537,440.8125030517578,478.3148778222021,403.3101282813135,0.07479373214042488,,,,88137225.0,1.1597177015727465
2025-11-18 00:00:00-05:00,405.3800048828125,408.8999938964844,393.7099914550781,401.25,80688600,49.162039047047095,-8.041473479778404,-2.0441936168114316,-5.9972798629669715,2.337300983123835,438.74500274658203,480.1849754885992,397.30503000456486,0.04759860750867756,,,,89451045.0,0.9020420052107831
2025-11-19 00:00:00-05:00,406.17999267578125,411.7799987792969,398.5,403.989990234375,72047700,49.96406325576157,-9.064928484309348,-3.448340590311015,-5.616587893998333,2.478951073789923,436.9960021972656,481.25295307818374,392.7390513163475,0.1271092867231219,,,,88852255.0,0.8108708102005965
2025-11-20 00:00:00-05:00,414.6300048828125,428.94000244140625,394.739990234375,395.2300109863281,113548800,47.38996855499245,-10.462278430902188,-4.851128158429249,-5.611150272472939,2.5958915446624777,434.3085021972656,481.9033880597233,386.71361633480797,0.08946753939206104,,,,88194205.0,1.2874859521665851
2025-11-21 00:00:00-05:00,402.32000732421875,402.79998779296875,383.760009765625,391.0899963378906,100460600,46.179103482509596,-11.768097609664835,-6.234522048676367,-5.533575560988468,2.689756093744184,432.177001953125,483.5511190503944,380.8028848558556,0.1001195939052137,,,,88480845.0,1.1353937679957735
2025-11-24 00:00:00-05:00,402.1700134277344,421.7200012207031,401.0899963378906,417.7799987792969,96806400,54.28814614447631,-10.527948935481618,-7.093207426037418,-3.4347415094441995,2.6901725674851806,430.44500122070315,481.27841794802123,379.61158449338507,0.3754264098619988,,,,88027790.0,1.0997254389778501
2025-11-25 00:00:00-05:00,414.4200134277344,420.4800109863281,405.95001220703125,419.3999938964844,71915600,54.73394716563072,-9.30711547558542,-7.535989035947019,-1.7711264396384,2.658566401685556,428.3875015258789,477.3884426279356,379.38656042382223,0.408292499824893,,,,87614285.0,0.820820486065714
2025-11-26 00:00:00-05:00,423.95001220703125,426.94000244140625,416.8900146484375,426.5799865722656,63463000,56.747302374228596,-7.671795081580626,-7.563150245073741,-0.10864483650688506,2.6256416220876275,426.64100036621096,473.09493752735654,380.1870632050654,0.4993432871606374,,,,87388260.0,0.726218830767428
2025-11-28 00:00:00-05:00,426.5899963378906,432.92999267578125,426.20001220703125,430.1700134277344,36252900,57.7589763769799,-6.016749381777856,-7.253870072414565,1.2371206906367087,2.611228026730076,426.1445007324219,472.2033376568326,380.08566380801113,0.5436996781086652,,,,85578510.0,0.4236215376967886
2025-12-01 00:00:00-05:00,425.32000732421875,433.6600036621094,425.2900085449219,430.1400146484375,57463600,57.746821626566316,-4.653887275930117,-6.7338735131176755,2.0799862371875584,2.61533996553633,424.82350158691406,468.6717784872523,380.9752246865758,0.5606239678882619,,,,84294900.0,0.6816972319796334
2025-12-02 00:00:00-05:00,430.80999755859375,436.79998779296875,422.1199951171875,429.239990234375,69336600,57.35683730789058,-3.604878886704796,-6.1080745878351,2.503195701130304,2.6288685956942053,422.86700134277345,461.74424268400594,383.98976000154096,0.5819629772038696,,,,83531970.0,0.8300606342697293
2025-12-03 00:00:00-05:00,432.1000061035156,447.9200134277344,431.1099853515625,446.739990234375,87483000,62.640004083900784,-1.345913580198328,-5.155642386307746,3.809728806109418,2.6823288749338343,422.9910003662109,462.17018595734936,383.8118147750725,0.8030817194109265,,,,83518290.0,1.0474711587126604
2025-12-04 00:00:00-05:00,449.94000244140625,454.6300048828125,445.3900146484375,454.5299987792969,71906500,64.7345000443047,1.0606942627302374,-3.9123750565001494,4.973069319230387,2.7754787203353564,422.61399993896487,460.32756812884884,384.9004317490809,0.9231368227959524,,,,82834965.0,0.8680694197190764
2025-12-05 00:00:00-05:00,453.0299987792969,458.8699951171875,451.6600036621094,455.0,56427500,64.8624939746607,2.9716185189527096,-2.5355763414095778,5.507194860362287,2.8795930605891478,423.06849975585936,462.1581554893553,383.97884402236343,0.9084392615509598,,,,80175195.0,0.7038024665858312
2025-12-08 00:00:00-05:00,447.45001220703125,449.75,435.25,439.5799865722656,69165800,57.49018564092342,3.204830258009167,-1.3874950215258286,4.592325279534996,2.9346823729126577,423.5714996337891,463.26493787230606,383.8780613952721,0.7016515531141685,,,,78459910.0,0.8815431983034393
2025-12-09 00:00:00-05:00,437.5400085449219,452.3900146484375,435.70001220703125,445.1700134277344,62367400,59.29634904467786,3.79695179408219,-0.35060565840422475,4.147557452486415,2.9686266380657353,423.56849975585936,463.2550543935248,383.8819451181939,0.7721515368251897,,,,77752485.0,0.8021274175352724
2025-12-10 00:00:00-05:00,446.07000732421875,456.8800048828125,443.6099853515625,451.45001220703125,63257500,61.28638927964715,4.718563136144951,0.6632281005056104,4.055335035639341,2.9954831043603853,424.1600006103516,465.1839684656194,383.13603275508376,0.8326105813674409,,,,77888700.0,0.8121524688433623
2025-12-11 00:00:00-05:00,448.95001220703125,449.2699890136719,440.3299865722656,446.8900146484375,55979500,59.02961473456688,5.023090016150832,1.5352004836346547,3.487889532516177,3.004405137284277,424.97450103759763,467.1670418021567,382.7819602730386,0.7597083893706691,,,,77762000.0,0.7198824618708367
2025-12-12 00:00:00-05:00,448.0899963378906,463.010009765625,441.6700134277344,458.9599914550781,95656700,62.921603616163964,6.1672834136521715,2.461617069638158,3.7056663440140136,3.016390923179862,427.8230010986328,471.15876881489936,384.48723338236624,0.8592527835241016,435.5822003173828,,,76597435.0,1.2488238019980695
2025-12-15 00:00:00-05:00,469.44000244140625,481.7699890136719,467.6600036621094,475.30999755859375,114542200,67.43450089748858,8.297722791306512,3.6288382139718287,4.668884577334683,3.051027217583124,431.3710006713867,478.1013896259976,384.64061171677577,0.970133010554276,436.4918005371094,,,77049210.0,1.4866109594115242
2025-12-16 00:00:00-05:00,472.2099914550781,491.5,465.8299865722656,489.8800048828125,107608100,70.84047600924728,11.03458929491859,5.109988430161181,5.924600864757409,3.120570829191287,435.41900024414065,487.6618434831639,383.1761570051174,1.021229332690604,437.22440063476563,,,77318900.0,1.3917438039082295
2025-12-17 00:00:00-05:00,488.2200012207031,495.2799987792969,466.20001220703125,467.260009765625,106490400,60.29673048929411,11.248663562817171,6.337723456692379,4.910940106124793,3.152111801474228,438.71950073242186,490.20829955776026,387.23070190708347,0.7771526009959853,437.9078009033203,,,78608990.0,1.354684750433761
2025-12-18 00:00:00-05:00,478.1600036621094,490.8599853515625,473.1199951171875,483.3699951171875,95168400,64.36472939791886,12.573322706021145,7.584843306558133,4.988479399463012,3.1819861834115777,442.6885009765625,495.1343154437911,390.24268650933396,0.8878430962879348,438.80140075683596,,,79765025.0,1.1931093859746174
2025-12-19 00:00:00-05:00,488.1199951171875,490.489990234375,474.7200012207031,481.20001220703125,103305400,63.422099902999825,13.29477128742468,8.726828902731443,4.567942384693238,3.1983328087188916,446.9870010375977,497.09522618756483,396.8787758876305,0.8413911694840382,439.7146008300781,,,79252855.0,1.3034912117677022
2025-12-22 00:00:00-05:00,489.8800048828125,498.8299865722656,485.3299865722656,488.7300109863281,86916100,65.32009154241467,14.309185078184214,9.843300137821997,4.465884940362217,3.210210987521458,451.8690017700195,497.90740154017124,405.8306019998678,0.9003289580039538,441.2194012451172,,,78575630.0,1.1061457604603362
2025-12-23 00:00:00-05:00,489.3999938964844,491.9700012207031,482.8399963378906,485.55999755859375,58223600,63.8187662227982,14.688007517413723,10.812241613740342,3.875765903673381,3.2090532159774554,455.25800170898435,500.70572613636904,409.81027728159967,0.83337198101112,442.21260131835936,,,76646490.0,0.7596381778213197
2025-12-24 00:00:00-05:00,488.4800109863281,490.8999938964844,476.79998779296875,485.3999938964844,41285400,63.739134210847865,14.80465719883648,11.610724730759571,3.193932468076909,3.1968106764055815,458.55800170898436,502.6059357258462,414.5100676921225,0.8046907055530086,443.33580139160154,,,75114980.0,0.5496293815161769
2025-12-26 00:00:00-05:00,485.2300109863281,489.0899963378906,473.82000732421875,475.19000244140625,58780700,58.70532319066381,13.912863104402675,12.071152405488192,1.8417106989144827,3.1720285276243447,460.9885025024414,502.9206046303735,419.05640037450934,0.6693392319759811,444.1366015625,,,74880865.0,0.7849895964743463
2025-12-29 00:00:00-05:00,469.0,469.3999938964844,459.0,459.6400146484375,66263000,51.97309697442996,11.815158014402527,12.01995352727106,-0.20479551286853237,3.14780476454407,462.4620025634766,501.8268165319432,423.0971885950099,0.46415596022758243,444.75440185546876,,,76381370.0,0.8675282991127287
2025-12-30 00:00:00-05:00,461.0899963378906,463.1199951171875,453.8299865722656,454.42999267578125,59238500,49.90797662486695,9.621396911718762,11.540242204160602,-1.9188452924418407,3.1657801510970005,463.67650146484374,500.24179383082094,427.11120909886654,0.37356167295867077,445.0568017578125,,,76470115.0,0.7746621016589291
2025-12-31 00:00:00-05:00,456.1000061035156,456.54998779296875,449.29998779296875,449.7200012207031,49078000,48.04923718187612,7.41726685010309,10.7156471333491,-3.2983802832460096,3.2073676212369366,464.7005020141602,498.2259422473327,431.1750617809877,0.27658010321018456,445.10260192871095,,,75457185.0,0.6504085727555302
2026-01-02 00:00:00-05:00,457.79998779296875,458.3399963378906,435.29998779296875,438.07000732421875,85535400,43.71266937026087,4.676512823190592,9.507820271317398,-4.831307448126806,3.285059930523912,464.26700286865236,498.97368889913895,429.56031683816576,0.12259439692078376,445.012001953125,,,75359805.0,1.1350268223225897
2026-01-05 00:00:00-05:00,447.989990234375,457.54998779296875,444.57000732421875,451.6700134277344,67940800,49.44844616656356,3.5608055930047158,8.31841733565486,-4.757611742650145,3.355993274791884,464.1240036010742,499.02264685872325,429.22536034342517,0.3215691354905297,445.2660021972656,,,75161520.0,0.9039306283321572
2026-01-06 00:00:00-05:00,446.3800048828125,448.25,428.7799987792969,432.9599914550781,89093800,42.96227068447682,1.153559650248269,6.885445798573542,-5.731886148325273,3.450423784485484,463.0220031738281,500.43508220779125,425.608924139865,0.09824194513020328,444.94560180664064,,,76794835.0,1.1601535441804127
2026-01-07 00:00:00-05:00,435.8999938964844,438.3699951171875,431.2900085449219,431.4100036621094,59828800,42.465324731389074,-0.8692509795584442,5.334506442947146,-6.20375742250559,3.5510220996618695,462.61350402832034,501.26228894297344,423.96471911366723,0.09631977518676632,444.89940185546874,,,76327985.0,0.7838383261394887
2026-01-08 00:00:00-05:00,427.8900146484375,436.8900146484375,424.3699951171875,435.79998779296875,57041100,44.42603171592564,-2.093969964215262,3.8488111615146643,-5.942781125729926,3.6405331392320854,462.145002746582,501.8955675293337,422.39443796383034,0.16862087246311613,444.56700134277344,,,76061670.0,0.749932258915693
2026-01-09 00:00:00-05:00,435.95001220703125,449.04998779296875,430.3900146484375,445.010009765625,67331500,48.399071767234986,-2.294942117176504,2.620060505776431,-4.915002622952935,3.6991712097862735,461.82300262451173,502.03994493767345,421.60606031135,0.2909712686761821,444.2562017822266,,,76265370.0,0.8828581045368298
2026-01-12 00:00:00-05:00,441.2300109863281,454.29998779296875,438.0,448.9599914550781,61649600,50.048447587794,-2.1111474912248127,1.6738189063761821,-3.7849663976009946,3.7333740479238395,461.92650146484374,501.99200130828626,421.8610016214012,0.3381835986018801,444.0052014160156,,,76548875.0,0.8053625869746616
2026-01-13 00:00:00-05:00,450.20001220703125,451.80999755859375,443.95001220703125,447.20001220703125,53719200,49.2924169919751,-2.0834873967623366,0.9223576457484783,-3.005845042510815,3.7540440638654506,461.33850250244143,501.9290504499493,420.7479545549336,0.32584011536756985,444.14720153808594,,,74452000.0,0.7215279643260087
2026-01-14 00:00:00-05:00,442.80999755859375,443.9100036621094,434.2200012207031,439.20001220703125,57259500,45.89840423635487,-2.6762495746420996,0.20263620167036278,-2.8788857763124622,3.7725764552963406,459.53300323486326,500.7149571111511,418.35104935857544,0.25313226894341756,443.8000018310547,,,71587865.0,0.7998492481931121
2026-01-15 00:00:00-05:00,441.1300048828125,445.3599853515625,437.6499938964844,438.57000732421875,49465800,45.63193879658037,-3.160422615488585,-0.46997556176142674,-2.6904470537271585,3.785382978835357,456.9675033569336,496.55125651036826,417.38375020349895,0.26761304112065337,443.2040020751953,,,68680750.0,0.7202280114879351
2026-01-16 00:00:00-05:00,439.5,447.25,435.260009765625,437.5,60220600,45.1524787553842,-3.5891009654855566,-1.0938006425062528,-2.495300322979304,3.7940651449777394,455.47950286865233,495.6669957642208,415.29200997308385,0.27630474591468046,443.0688018798828,,,66367260.0,0.9073841529694009
2026-01-20 00:00:00-05:00,429.3599853515625,430.7300109863281,417.44000244140625,419.25,63187300,37.84802814747276,-5.339899091944915,-1.9430203323939854,-3.3968787595509293,3.8138479897685795,452.273503112793,493.31402971093723,411.2329765146487,0.09767203481392199,442.21240173339845,,,64768205.0,0.975591341461447
2026-01-21 00:00:00-05:00,421.6600036621094,438.20001220703125,419.6199951171875,431.44000244140625,68124000,44.326600425719896,-5.678331627697503,-2.690082591454689,-2.988249036242814,3.823876182745326,449.7855026245117,489.45262225686037,410.11838299216305,0.26875684000830946,441.9230017089844,,,63009135.0,1.0811765627317371
2026-01-22 00:00:00-05:00,435.1600036621094,449.5,432.6300048828125,449.3599853515625,71546700,52.21259269693433,-4.449260685637114,-3.0419182102911746,-1.4073424753459394,3.8244138787483877,447.81700134277344,483.00084390284167,412.6331587827052,0.5219274515873981,442.3198016357422,,,62240665.0,1.149516959691867
2026-01-23 00:00:00-05:00,447.42999267578125,452.42999267578125,444.0400085449219,449.05999755859375,56771400,52.079600266440615,-3.4595401910331134,-3.125442606439562,-0.3340975845935512,3.8183679488007836,445.99200134277345,476.3943453257472,415.5896573597997,0.5504565736368628,442.3964013671875,,,62168055.0,0.9131924748168493
2026-01-26 00:00:00-05:00,445.0,445.0400085449219,434.2799987792969,435.20001220703125,49397400,46.22170626563429,-3.7503330487638777,-3.2504206949044256,-0.4999123538594521,3.8042495216942895,443.4820022583008,467.88179609993256,419.082208416669,0.33028565517757547,442.30800170898436,,,62573655.0,0.7894280748024068
2026-01-27 00:00:00-05:00,437.4100036621094,437.5199890136719,430.69000244140625,430.8999938964844,37733100,44.54757260707166,-4.278444776331469,-3.4560255111898344,-0.8224192651416344,3.7842157285616214,441.2675018310547,461.17646108721647,421.3585425748929,0.2396270743946198,442.3140014648437,,,61521275.0,0.6133341677330322
2026-01-28 00:00:00-05:00,431.9100036621094,438.260009765625,430.1000061035156,431.4599914550781,54857400,44.82783491482175,-4.598778150505609,-3.6845760390529896,-0.9142021114526195,3.777262467356296,439.8585006713867,458.2213577810538,421.4956435617196,0.2713180153243367,442.9034014892578,,,60950995.0,0.9000246837643914
2026-01-29 00:00:00-05:00,437.79998779296875,440.2300109863281,414.6199951171875,416.55999755859375,81686100,39.15710061341433,-5.985947365313109,-4.144850304305013,-1.841097061008096,3.7719703633334927,437.96500091552736,457.7557963166683,418.1742055143864,-0.040781785751259035,443.14760131835936,,,62073375.0,1.3159603453171347
2026-01-30 00:00:00-05:00,425.3500061035156,439.8800048828125,422.70001220703125,430.4100036621094,82626100,45.99571776546366,-5.899701136573412,-4.4958204707586935,-1.403880665814719,3.7556208220658602,436.99950103759767,456.2524607194942,417.74654135570114,0.3288705351187026,443.57740112304685,,,63750780.0,1.29607982835661
2026-02-02 00:00:00-05:00,421.2900085449219,427.1499938964844,414.5,421.80999755859375,58739500,42.78031179964131,-6.450936616484341,-4.886843699903823,-1.5640929165805186,3.7515518438528668,436.1865005493164,456.58809390703726,415.78490719159555,0.14766225023101054,443.98860107421876,,,62410985.0,0.9411724554579615
2026-02-03 00:00:00-05:00,424.2699890136719,428.55999755859375,413.69000244140625,421.9599914550781,56886500,42.8553450117951,-6.797335993715137,-5.268942158666086,-1.5283938350490516,3.7446644316518567,434.7009994506836,454.6777697731676,414.72422912819957,0.18110440802171732,444.34800109863284,,,61858270.0,0.9196264299017738
2026-02-04 00:00:00-05:00,420.4599914550781,423.8999938964844,399.17999267578125,406.010009765625,74606900,37.260052456940166,-8.263632210433911,-5.867880169019651,-2.3957520414142603,3.7486748831868923,433.35350036621094,457.1040266942132,409.6029740382087,-0.07563967684260375,444.56360107421875,,,61133925.0,1.220384590061901
2026-02-05 00:00:00-05:00,397.0199890136719,402.1000061035156,387.5299987792969,397.2099914550781,72819800,34.57766484948367,-10.02026310345741,-6.698356755907203,-3.3219063475502066,3.762377079611712,431.64349975585935,460.3837508051734,402.9032487065453,-0.09904675574507646,444.6860009765625,,,61783475.0,1.1786290751693718
2026-02-06 00:00:00-05:00,400.8699951171875,414.54998779296875,397.75,411.1099853515625,62677100,41.71521229390344,-10.173518414186901,-7.393389087563143,-2.780129326623758,3.7701632127366174,430.40899963378905,460.4874187350741,400.33058053250403,0.17918835399494032,444.5526007080078,,,62065275.0,1.0098577666819328
2026-02-09 00:00:00-05:00,409.9100036621094,421.25,407.2900085449219,417.32000732421875,54484300,44.62206441694537,-9.6822663388578,-7.851164537822076,-1.8311018010357252,3.7700928544085923,429.0244995117188,458.8209106884267,399.22808833501085,0.30359224944765306,444.5110009765625,,,61422915.0,0.8870354003876241
2026-02-10 00:00:00-05:00,418.0799865722656,427.25,417.0,425.2099914550781,64450200,48.15962228958918,-8.557642573231021,-7.992460144903865,-0.565182428327156,3.7629245036329406,427.8369995117188,456.1439544800274,399.53004454341016,0.4535978338259671,444.48360107421877,,,61562945.0,1.0468992345963957
2026-02-11 00:00:00-05:00,427.9599914550781,436.3500061035156,420.0299987792969,428.2699890136719,57362000,49.50681338951721,-7.334901725707141,-7.86094846106452,0.5260467353573794,3.7294601031307746,426.89049835205077,453.6975732365883,400.0834234675132,0.5257299736648403,444.4456005859375,,,61745085.0,0.9290132161936452
2026-02-12 00:00:00-05:00,430.29998779296875,436.2300109863281,414.0,417.07000732421875,61933400,44.90684825921435,-7.186771091327614,-7.72611298711714,0.5393418957895255,3.6722890035817985,425.7839981079102,452.2767878330046,399.29120838281574,0.3355403324052849,444.18420043945315,,,61978780.0,0.9992678139195382
2026-02-13 00:00:00-05:00,414.30999755859375,424.05999755859375,410.8800048828125,417.44000244140625,51434100,45.08836525833517,-6.959298521239418,-7.572750093941595,0.6134515727021768,3.6105947333506747,424.72749786376954,450.7545644915446,398.7004312359945,0.360001598977997,443.94820068359377,,,62077195.0,0.8285506456920291
2026-02-17 00:00:00-05:00,412.3599853515625,413.7200012207031,400.510009765625,410.6300048828125,59678800,42.324318976229364,-7.245018694405815,-7.5072038140344395,0.2621851196286249,3.5378367863846707,423.38399810791014,449.40905325247905,397.35894296334124,0.2549670278458711,443.2260009765625,,,62050105.0,0.9617840292131657
2026-02-18 00:00:00-05:00,411.1099853515625,416.8999938964844,409.5799865722656,411.32000732421875,45921400,42.707555181101,-7.331266285527761,-7.472016308333104,0.1407500228053431,3.470397850647433,422.9874984741211,449.51453452039175,396.4604624278504,0.2800830230420217,442.36180114746094,,,61186810.0,0.7505114255833896
2026-02-19 00:00:00-05:00,407.25,415.25,404.1099853515625,411.7099914550781,51019600,42.93833574211216,-7.284182145220996,-7.434449475710683,0.15026733048968755,3.399031012029075,422.00099792480466,448.67158480375883,395.3304110458505,0.3070719906458601,441.4960009765625,,,60331590.0,0.8456531644533154
2026-02-20 00:00:00-05:00,408.29998779296875,414.70001220703125,405.5,411.82000732421875,57912200,43.0080799651207,-7.155506044078095,-7.378660789384166,0.22315474530607116,3.325584360849961,420.1239990234375,443.8036454037066,396.4443526431684,0.3246597190290399,440.94080139160155,,,59649865.0,0.9708689198206902
2026-02-23 00:00:00-05:00,407.2900085449219,407.70001220703125,394.0400085449219,399.8299865722656,69680000,37.61242223073681,-7.929616098391705,-7.488851851185673,-0.44076424720603136,3.296673545312413,417.6624984741211,438.77284555723537,396.5521513910068,0.07763574820332253,440.0340008544922,,,60295295.0,1.155645726586129
2026-02-24 00:00:00-05:00,399.5,410.82000732421875,397.6400146484375,409.3800048828125,58579500,43.67383014740019,-7.683921761774457,-7.52786583330343,-0.15605592847102656,3.288770108906442,416.37149810791016,436.0773548627581,396.6656413530622,0.32260367280459307,439.19260070800783,,,60754400.0,0.9642017697483639
2026-02-25 00:00:00-05:00,412.1499938964844,420.3399963378906,412.1499938964844,417.3999938964844,54809700,48.223330965493844,-6.764088935564644,-7.375110453755673,0.6110215181910297,3.289677365715865,415.69649810791014,434.19481591655534,397.19818029926495,0.5460446135209684,438.60280029296877,,,61608230.0,0.8896489965707504
2026-02-26 00:00:00-05:00,414.4200134277344,416.80999755859375,403.6600036621094,408.5799865722656,53602500,44.01301664857676,-6.669928884647732,-7.234074139934085,0.5641452552863537,3.28657714347657,414.55249786376953,431.7288227636804,397.37617296385866,0.32614117611576793,437.5952001953125,,,61545485.0,0.870941223389498
2026-02-27 00:00:00-05:00,402.94000244140625,407.1199951171875,398.1099853515625,402.510009765625,56890100,41.338098030671745,-7.004360853437447,-7.188131482634758,0.18377062919731113,3.2753477665847206,413.8499984741211,431.8119202315194,395.88807671672276,0.18433253240775113,436.13920043945313,,,60305685.0,0.9433621390752795
2026-03-02 00:00:00-05:00,390.6000061035156,404.5400085449219,388.25,403.32000732421875,55088300,41.84601216695632,-7.121943236237485,-7.174893833355304,0.05295059711781924,3.258456076413895,412.49549865722656,429.24409831275943,395.7468990016937,0.22608183604243282,434.40800048828123,,,58928795.0,0.9348282108941817
2026-03-03 00:00:00-05:00,395.0899963378906,396.3399963378906,385.3900146484375,392.42999267578125,62617300,37.1845121898677,-8.00162355669704,-7.340239778023652,-0.6613837786733887,3.219087289628937,411.02649841308596,429.40929621093227,392.64370061523965,-0.005812715284379607,432.91140014648437,,,59122685.0,1.0591078534406886
2026-03-04 00:00:00-05:00,397.8500061035156,408.3299865722656,394.5799865722656,405.94000244140625,68305500,45.3220939694959,-7.521923614993568,-7.376576545417636,-0.1453470695759318,3.1481795548071365,410.22549896240236,427.9879882938357,392.463009630969,0.3793666686849944,431.36280029296876,,,59693635.0,1.1442677263664711
2026-03-05 00:00:00-05:00,401.57000732421875,408.6199951171875,399.4200134277344,405.54998779296875,51925900,45.140290186738284,-7.091482679745241,-7.319557772283158,0.22807509253791736,3.057557967354288,410.2024978637695,427.9891463392305,392.4158493883085,0.3692134137237967,429.8497998046875,,,58559585.0,0.8867190571791108
2026-03-06 00:00:00-05:00,398.0899963378906,402.3500061035156,394.2099914550781,396.7300109863281,64054600,41.12286734289354,-7.377015906735721,-7.331049399173671,-0.04596650756205012,2.9891512354576273,410.17849884033205,428.0400969580883,392.3169007225758,0.12353626575455352,428.0097998046875,,,58121325.0,1.102084303824801
2026-03-09 00:00:00-04:00,390.04998779296875,401.5899963378906,381.3999938964844,398.67999267578125,67018900,42.34458561577842,-7.361101623233594,-7.3370598439856565,-0.02404177924793771,2.9295944812916694,409.55699920654297,428.1328579358367,390.98114047724926,0.2072273565041458,426.27219970703123,,,58338415.0,1.1487953520849
2026-03-10 00:00:00-04:00,402.2200012207031,406.5899963378906,398.19000244140625,399.239990234375,59258700,42.7122288916698,-7.220073799596378,-7.313662635107802,0.09358883551142405,2.8700081417552,408.65299835205076,427.39714289160713,389.9088538124944,0.24890803637874262,424.54899963378904,,,58577135.0,1.0116353420152762
2026-03-11 00:00:00-04:00,402.2799987792969,416.3800048828125,402.1499938964844,407.82000732421875,62559900,48.16589830263346,-6.342856063943259,-7.119501320874894,0.7766452569316353,2.826663325387207,407.7834991455078,424.8302973323206,390.736700958695,0.5010708221658658,423.2015997314453,,,58482620.0,1.0697178067603674
2026-03-12 00:00:00-04:00,405.17999267578125,406.5,394.6499938964844,395.010009765625,60973800,41.77210207574313,-6.605174098359896,-7.016635876371895,0.4114617780119989,2.7735634587902127,406.1205001831055,421.11855453302354,391.12244583318744,0.1296022751264,421.90899963378905,,,58663210.0,1.03938737754037
2026-03-13 00:00:00-04:00,399.1700134277344,400.20001220703125,389.95001220703125,391.20001220703125,58504100,40.06844587492954,-7.039352715772395,-7.021179244251995,-0.018173471520400497,2.6863716218841063,404.8270004272461,420.3035646133915,389.35043624110074,0.05975408830036883,420.64440002441404,,,58491745.0,1.0002112263875869
2026-03-16 00:00:00-04:00,396.2200012207031,403.7300109863281,394.4200134277344,395.55999755859375,58068300,42.93657361065327,-6.951495505178627,-7.007242496437321,0.05574699125869387,2.543763812488589,403.73300018310545,418.53408106086374,388.93191930534715,0.22390521030145394,419.5611999511719,,,58823455.0,0.9871623487603712
2026-03-17 00:00:00-04:00,395.69000244140625,400.1199951171875,393.0,399.2699890136719,46890500,45.33393404235082,-6.507488451970119,-6.907291687543881,0.3998032355737626,2.4362667027418055,403.1649993896484,417.72152640318814,388.6084723761087,0.36621086292239885,418.78519958496094,,,58184040.0,0.8058996934554562
2026-03-18 00:00:00-04:00,399.0,403.07000732421875,392.30999755859375,392.7799987792969,50853100,42.00906658790512,-6.603180284227278,-6.846469406880561,0.24328912265328295,2.3165114702696097,402.23799896240234,416.96818109031767,387.507816834487,0.178958477873077,417.6073992919922,,,58430625.0,0.8703158660377157
2026-03-19 00:00:00-04:00,387.2699890136719,387.2699890136719,378.7300109863281,380.29998779296875,67078300,36.46993673772735,-7.598459031666039,-6.996867331837658,-0.601591699828381,2.200580136503516,400.66749877929686,417.668272984662,383.66672457393173,-0.09901716063908726,416.55419921875,,,59233560.0,1.1324374222991156
2026-03-20 00:00:00-04:00,379.8500061035156,379.8900146484375,364.4599914550781,367.9599914550781,78628600,31.979805100794522,-9.276030874628816,-7.45270004039589,-1.8233308342329257,2.079954763552219,398.47449798583983,420.10338985190293,376.84560611977673,-0.20541076999512436,415.2851989746094,,,60269380.0,1.304619360610645
2026-03-23 00:00:00-04:00,373.0899963378906,385.3299865722656,372.7300109863281,380.8500061035156,74606000,40.25450564388323,-9.456394758275565,-7.8534389839718255,-1.602955774303739,1.972950415410252,397.52549896240237,420.52602965560834,374.5249682691964,0.13749764991699862,414.18619934082034,,,60515680.0,1.232837505915822
2026-03-24 00:00:00-04:00,376.55999755859375,387.4800109863281,376.30999755859375,383.0299987792969,60004900,41.5495614836333,-9.316037761260986,-8.145958739429657,-1.170079021831329,1.8850390976521572,396.20799865722654,419.36758247160304,373.04841484285004,0.215495753646719,412.94659912109375,,,60586950.0,0.9903931457186738
2026-03-25 00:00:00-04:00,389.989990234375,396.2300109863281,385.010009765625,385.95001220703125,55157300,43.32176720258783,-8.866970236472866,-8.2901610388383,-0.5768091976345673,1.8417078043047057,394.63549957275393,415.93245061739725,373.3385485281106,0.2960861311199924,411.6863995361328,,,60604330.0,0.9101214385176769
2026-03-26 00:00:00-04:00,381.6000061035156,384.44000244140625,371.8699951171875,372.1099853515625,55522900,37.51576803192462,-9.518136338155216,-8.535756098701683,-0.9823802394535335,1.8361871118302209,392.81199951171874,415.29407476635953,370.32992425707795,0.03958845156247549,410.1845989990234,,,60700350.0,0.9147047751783969
2026-03-27 00:00:00-04:00,369.69000244140625,369.8599853515625,359.4700012207031,361.8299865722656,62065700,33.883333850942705,-10.739897302344161,-8.976584339430179,-1.7633129629139823,1.835509362795217,390.77799835205076,416.66824492192734,364.8877517821742,-0.05905245439930024,408.63719848632815,,,60959130.0,1.0181526540815133
2026-03-30 00:00:00-04:00,365.8599853515625,367.2900085449219,352.1400146484375,355.2799987792969,67954400,31.772439105834692,-12.097231587659564,-9.600713789076057,-2.4965177985835076,1.824098158118264,388.37599792480466,418.0101247097065,358.74187113990286,-0.058410230639388334,406.97139831542967,,,61602435.0,1.103112238988605
2026-03-31 00:00:00-04:00,361.510009765625,373.3299865722656,361.0,371.75,75534900,41.621041620278625,-11.708963690028327,-10.022363769266512,-1.6865999207618145,1.7667815913315206,387.3419982910156,417.81188959942006,356.8721069826112,0.24414089415023763,405.65639831542967,,,62248315.0,1.2134448940505458
2026-04-01 00:00:00-04:00,378.6300048828125,383.1400146484375,374.0799865722656,381.260009765625,58683800,46.42956723513342,-10.512696453429385,-10.120430306099088,-0.39226614733029663,1.7110725179896689,386.1079986572266,415.3820846891265,356.83391262532666,0.4171965798297045,404.8965985107422,,,61767230.0,0.9500798400705358
2026-04-02 00:00:00-04:00,364.20001220703125,370.2799987792969,359.0299987792969,360.5899963378906,83031200,38.924955966202546,-11.104537194449733,-10.317251683769218,-0.7872855106805154,1.6064096225778506,383.85999908447263,413.74653890284816,353.9734592660971,0.11069426424074334,403.4795983886719,,,63322495.0,1.3112433425120094
2026-04-06 00:00:00-04:00,362.5899963378906,367.7200012207031,346.6400146484375,352.82000732421875,77697600,36.534395047342265,-12.06151083372498,-10.66610351376037,-1.39540731996461,1.4634337255085839,381.6644989013672,413.9271201184654,349.40187768426904,0.052973526499114874,401.548798828125,,,64004645.0,1.2139368947363116
2026-04-07 00:00:00-04:00,346.44000244140625,348.0199890136719,337.239990234375,346.6499938964844,74515400,34.71136524427777,-13.166018193959587,-11.166086449800215,-1.9999317441593725,1.3225064095640573,379.06299896240233,413.8413859312669,344.28461199353774,0.034006492380803194,399.5005987548828,,,64379470.0,1.1574404076330544
2026-04-08 00:00:00-04:00,363.7900085449219,364.5,339.6700134277344,343.25,78838600,33.71305245243798,-14.15255745433069,-11.76338065070631,-2.3891768036243803,1.2329764378819852,376.2634994506836,413.15312976744826,339.3738691339189,0.05253686242986787,397.6615985107422,,,65358465.0,1.206249259372906
2026-04-09 00:00:00-04:00,343.1499938964844,348.8800048828125,337.25,345.6199951171875,62164000,35.11393073818404,-14.575144928699615,-12.32573350630497,-2.249411422394644,1.18845491823504,373.153498840332,409.3220574777007,336.98494020296334,0.11937239469231405,395.95599853515625,,,65338670.0,0.9514120810846012
2026-04-10 00:00:00-04:00,346.2900085449219,350.3599853515625,342.739990234375,348.95001220703125,51336000,37.12458295086695,-14.474491074628418,-12.755485019969662,-1.719006054658756,1.1617300166891478,370.85049896240236,407.02495211048586,334.67604581431885,0.19729346473159637,394.3057989501953,,,64856780.0,0.7915286574510791
2026-04-13 00:00:00-04:00,350.07000732421875,356.3500061035156,348.57000732421875,352.4200134277344,53617500,39.23753068139146,-13.953870538025058,-12.995162123580743,-0.958708414444315,1.1327102611530253,368.9114990234375,404.6479413703218,333.1750566765532,0.2692623480028512,393.02299926757814,,,64612450.0,0.8298323310755126
2026-04-14 00:00:00-04:00,357.6700134277344,367.6300048828125,354.7699890136719,364.20001220703125,59979600,45.88594743786802,-12.447243485209356,-12.885578395906466,0.43833491069710995,1.1198905434225808,367.3434997558594,400.83843709503697,333.84856241668183,0.4530751839151622,391.69879943847656,,,64708015.0,0.9269269038773635
2026-04-15 00:00:00-04:00,366.8299865722656,394.6499938964844,362.5,391.95001220703125,113810400,57.643253839217195,-8.911313532317138,-12.090725423188601,3.1794118908714637,1.2124674493137515,366.97750091552734,399.13689690879573,334.81810492225895,0.888261509897934,391.10159973144533,,,68054010.0,1.672354061134678
2026-04-16 00:00:00-04:00,393.80999755859375,394.05999755859375,381.79998779296875,388.8999938964844,63515100,56.19800438671608,-6.282750915566908,-10.929130521664263,4.646379606097355,1.3498265256161117,366.7835006713867,398.3284598856558,335.23854145711766,0.8505551088982464,390.4403997802734,,,68687110.0,0.9247018836576469
2026-04-17 00:00:00-04:00,395.9200134277344,409.2799987792969,391.6499938964844,400.6199951171875,90640000,60.315431172059704,-3.2168085866545084,-9.386666134662311,6.169857548007803,1.5742218733291253,367.7995010375977,402.3438095598481,333.25519251534723,0.9750492263935419,390.33259948730466,,,69865195.0,1.2973555716834397
2026-04-20 00:00:00-04:00,402.5799865722656,406.79998779296875,388.3299865722656,392.5,64603900,56.362365795581816,-1.425807129343184,-7.794494333598486,6.368687204255302,1.7979608353854826,369.02650146484376,405.2950821386252,332.7579207910623,0.8236065224924175,390.23839965820315,,,69163960.0,0.9340688416337063
2026-04-21 00:00:00-04:00,393.0,393.95001220703125,385.2200012207031,386.4200134277344,50530600,53.53318823669709,-0.49136551893133174,-6.3338685706650555,5.842503051733724,1.9659322030255795,369.3050018310547,406.0384226722659,332.57158098984354,0.732962397793869,389.7446002197266,,,67960190.0,0.7435323532791771
2026-04-22 00:00:00-04:00,387.57000732421875,393.010009765625,385.29998779296875,387.510009765625,62362800,53.97918570277988,0.3332977357692357,-5.000435309378197,5.333733045147433,2.091774275773953,369.5290023803711,406.66723131402375,332.3907734467184,0.7420821872978506,389.14840026855467,,,68078085.0,0.9160480938910076
2026-04-23 00:00:00-04:00,375.2799987792969,386.0,368.3900146484375,373.7200012207031,93969500,47.73659153287246,-0.12445450114876166,-4.02523914773231,3.9007846465835483,2.1527502481922944,368.91750183105466,405.3125983159153,332.52240534619403,0.5659772861386172,388.1186004638672,,,70018695.0,1.3420630018882813
2026-04-24 00:00:00-04:00,373.5,382.760009765625,370.7300109863281,376.29998779296875,62893300,48.9266564636359,-0.2758631140387706,-3.275363940993602,2.9995008269548316,2.184803720427484,369.127001953125,405.64749604271566,332.6065078635343,0.5982049397010795,387.07920043945313,,,70387215.0,0.8935330087999646
2026-04-27 00:00:00-04:00,372.0899963378906,380.7799987792969,364.0199890136719,378.6700134277344,66735800,50.05181297574036,-0.202282482458088,-2.6607476492864994,2.4584651668284114,2.192979507606366,369.96900329589846,406.55758112218496,333.38042546961196,0.6189033661426546,386.31120056152344,,,70620720.0,0.9449889494188108
2026-04-28 00:00:00-04:00,374.67999267578125,382.2900085449219,372.5400085449219,376.0199890136719,50864400,48.758364037886636,-0.35372658496305576,-2.199343436421811,1.8456168514587552,2.1953603225753553,371.00600280761716,407.01266694119823,334.9993386740361,0.5696258085371826,385.48280029296876,,,69766220.0,0.7290691684313698
2026-04-29 00:00:00-04:00,375.3999938964844,376.3999938964844,370.0400085449219,372.79998779296875,45384800,47.16349047541197,-0.7252144938766492,-1.9045176479127788,1.1793031540361296,2.1875445664346764,371.0585021972656,407.0727948899192,335.04420950461207,0.5241777009278648,384.72619995117185,,,68258715.0,0.6648938527483267
2026-04-30 00:00:00-04:00,372.75,384.75,368.1700134277344,381.6300048828125,51076000,51.81778718677836,-0.3036128940478875,-1.5843366971398007,1.2807238030919132,2.179999385771171,371.077001953125,407.11373215927483,335.0402717469751,0.6464200951268131,384.13239990234376,,,67878325.0,0.7524640597716576
2026-05-01 00:00:00-04:00,382.489990234375,397.82000732421875,378.79998779296875,390.82000732421875,65338300,56.14744536658916,0.7632673335545519,-1.1148158910009305,1.8780832245554824,2.1619785745442552,372.58850250244143,409.3027172595964,335.87428774528644,0.7482894560372465,383.71460021972655,,,66993680.0,0.9752905050148014
2026-05-04 00:00:00-04:00,390.2300109863281,394.6400146484375,384.79998779296875,392.510009765625,48765100,56.91420175202143,1.7252589620896401,-0.5468009203828164,2.2720598824724565,2.1226600380878176,374.57300262451173,411.07820822359713,338.06779702542633,0.7456773882895575,383.3284002685547,,,65547055.0,0.743970877105005
2026-05-05 00:00:00-04:00,395.19000244140625,402.1199951171875,389.0,389.3699951171875,47780600,54.99032256749404,2.2088095371397003,0.004321171121686951,2.2044883660180132,2.093021395059876,376.70900268554686,411.2831010385582,342.13490433253554,0.6830993870377807,383.11920043945315,,,64210315.0,0.744126547268924
2026-05-06 00:00:00-04:00,386.25,401.67999267578125,384.0199890136719,398.7300109863281,53465400,59.39639228130184,3.3091560167013085,0.6652881402376114,2.6438678764636974,2.088519812752472,379.4830032348633,411.5668331686873,347.3991733010393,0.799948724811901,382.90620056152346,,,62941655.0,0.8494438222191647
2026-05-07 00:00:00-04:00,407.4800109863281,415.8299865722656,402.1199951171875,411.7900085449219,64294200,64.6030862859227,5.175362824260446,1.5673030770421783,3.608059747218268,2.119412112063714,382.79150390625,413.80129325967204,351.78171455282796,0.9675701648304134,382.7940008544922,,,63048165.0,1.0197632238781256
2026-05-08 00:00:00-04:00,416.4800109863281,431.20001220703125,416.3900146484375,428.3500061035156,65050000,69.87766649006966,7.899537617486544,2.8337499851310515,5.065787632355493,2.19505620553198,386.7615036010742,419.79337347588006,353.72963372626833,1.1295208636396619,383.1894012451172,,,63733865.0,1.0206504814983368
2026-05-11 00:00:00-04:00,422.1600036621094,449.1600036621094,416.79998779296875,445.0,78376100,74.06259065916673,11.272044018537201,4.521408791812282,6.75063522672492,2.3291016743794186,391.3905029296875,429.687343118348,353.093662741027,1.199920630608397,384.03920104980466,,,64971795.0,1.2063095994192556
2026-05-12 00:00:00-04:00,441.4100036621094,447.79998779296875,422.260009765625,433.45001220703125,60569300,67.09850718166837,12.864498223698547,6.190026678189535,6.674471545509012,2.448522488685107,394.8530029296875,435.2626923878052,354.44331347156975,0.9775712186225448,384.6418011474609,,,65001280.0,0.9318170349876187
2026-05-13 00:00:00-04:00,436.6700134277344,453.3999938964844,430.2099914550781,445.2699890136719,68283200,70.18792764028194,14.908447694098982,7.933710881371425,6.974736812727556,2.568485474315427,397.51900177001954,443.7399206939189,351.29808284612017,1.0165516865022972,385.69860107421874,,,62724920.0,1.0886135845211122
2026-05-14 00:00:00-04:00,446.489990234375,451.9800109863281,441.1600036621094,443.29998779296875,46070400,69.02460574069067,16.182784672458013,9.583525639588743,6.59925903286927,2.6641640624689287,400.23900146484374,450.5463030422877,349.93169988739976,0.9279794878466712,386.44580078125,,,61852685.0,0.7448407453936721
2026-05-15 00:00:00-04:00,433.9800109863281,434.6600036621094,422.0,422.239990234375,52688700,57.96414062980683,15.316777831199602,10.730176077910915,4.5866017532886865,2.697664437305006,401.32000122070315,452.5818552094951,350.0581472319112,0.7040502575096667,386.77960083007815,,,59955120.0,0.8788023441534267
2026-05-18 00:00:00-04:00,419.2699890136719,421.1300048828125,405.3299865722656,409.989990234375,52474200,52.6766450402948,13.486524290826708,11.281445720494075,2.205078570332633,2.6974978909661336,402.1945007324219,453.41954652530296,350.9694549395408,0.576090605496701,387.04480041503905,,,59348635.0,0.884168608090144
2026-05-19 00:00:00-04:00,403.1600036621094,405.6300048828125,393.6300048828125,404.1099853515625,46500600,50.30459130529459,11.429812161240932,11.311119008643447,0.11869315259748525,2.6925378925880152,403.0789993286133,453.7652647361184,352.3927339211082,0.5101702701378799,387.15340026855466,,,59147135.0,0.7861851634910128
2026-05-20 00:00:00-04:00,407.6000061035156,417.4599914550781,406.3900146484375,417.260009765625,45294700,55.16686175500155,10.737178541049218,11.196330915124602,-0.45915237407538356,2.695509620641282,404.5664993286133,455.07479489648057,354.05820376074604,0.6256576795385582,387.5138006591797,,,58293730.0,0.7770080933232442
2026-05-21 00:00:00-04:00,422.17999267578125,426.95001220703125,412.8999938964844,417.8500061035156,42636900,55.37781253793218,10.119221098724495,10.98090895184458,-0.8616878531200847,2.7080866728479798,406.7729995727539,455.4291288793635,358.11687026614436,0.6138295081073885,387.71440063476564,,,55727100.0,0.7651017189123425
2026-05-22 00:00:00-04:00,422.6700134277344,431.510009765625,420.510009765625,426.010009765625,46104700,58.30022451758077,10.170688111558889,10.818864783787442,-0.6481766722285531,2.7175973018214106,409.25850067138674,456.4158937195851,362.1011076231884,0.6776127560435431,388.33440063476564,,,54887670.0,0.8399828231003429
2026-05-26 00:00:00-04:00,430.260009765625,435.20001220703125,426.1199951171875,433.5899963378906,45658900,60.86427589317291,10.699777285651919,10.795047284160338,-0.09526999850841911,2.719610031613071,412.0044998168945,458.04498444808837,365.96401518570065,0.7344186501717586,389.1822003173828,,,53833825.0,0.8481451949587457
2026-05-27 00:00:00-04:00,442.8900146484375,445.6000061035156,435.5199890136719,440.3599853515625,44656500,63.04960239785183,11.532427160625673,10.942523259453406,0.5899039011722671,2.7166571514018822,415.22149963378905,459.63787014554543,370.80512912203267,0.7829867167007675,390.0782000732422,,,53523430.0,0.83433554239704
2026-05-28 00:00:00-04:00,437.6199951171875,443.9599914550781,436.29998779296875,442.1000061035156,32435000,63.612011263628354,12.192169576665435,11.192452522895813,0.999717053769622,2.7057274755794234,418.6865005493164,459.8629147770828,377.51008632155003,0.7843072423048782,390.93480041503904,,,52875940.0,0.6134169907901401
2026-05-29 00:00:00-04:00,439.8500061035156,441.07000732421875,428.1400146484375,435.7900085449219,45176800,60.04294606002905,12.06675805092084,11.367313628500819,0.6994444224200205,2.700613269654937,421.3945007324219,459.3037885430252,383.4852129218186,0.6898678218965848,391.79500061035156,,,52580980.0,0.8591852034709129
2026-06-01 00:00:00-04:00,427.489990234375,429.6000061035156,415.42999267578125,415.8800048828125,44937900,50.42861211525274,10.242725844873803,11.142396071775416,-0.8996702269016126,2.7117448442992136,422.6475006103516,457.86263440665317,387.43236681405,0.40391211110136643,392.50660095214846,,,51560960.0,0.8715489393525644
2026-06-02 00:00:00-04:00,418.2200012207031,424.4200134277344,413.6499938964844,423.739990234375,37596000,53.58813367055983,9.323921941173865,10.778701245655105,-1.4547793044812405,2.7290314961920576,424.20899963378906,456.44060042210646,391.97739884547167,0.49272438557280623,393.62220092773435,,,51002505.0,0.7371402639929157
2026-06-03 00:00:00-04:00,418.70001220703125,433.6000061035156,416.0,423.70001220703125,44500700,53.569431518259336,8.494616681778382,10.32188433287976,-1.8272676511013781,2.7526487284558088,425.9255004882813,453.6923370246066,398.15866395195593,0.4599254261763205,394.4792010498047,,,50838510.0,0.8753344659393046
2026-06-04 00:00:00-04:00,419.8399963378906,426.3500061035156,417.1600036621094,418.45001220703125,35323300,51.04978564694241,7.329267926619252,9.72336105162766,-2.394093125008407,2.7877593159778136,426.91150054931643,451.8707562178375,401.9522448807954,0.33049397677037057,395.1876013183594,,,49931405.0,0.7074365321784957
2026-06-05 00:00:00-04:00,420.5,424.67999267578125,388.5899963378906,391.0,63420200,40.360534140274986,4.142976413308361,8.6072841239638,-4.464307710655438,2.8797921178669434,425.8720001220703,454.8854134819232,396.8585867622174,-0.10096341801554727,395.2886010742188,,,49887705.0,1.2712591208595385
2026-06-08 00:00:00-04:00,396.3299865722656,412.94000244140625,394.7200012207031,408.95001220703125,50328800,48.024582694085446,3.031290572804494,7.492085413731939,-4.460794840927445,2.965477511947423,424.9020004272461,454.84876515346093,394.95523570103126,0.2336609085145887,396.0254016113281,,,49151645.0,1.0239494527599229
2026-06-09 00:00:00-04:00,411.0299987792969,418.5,384.239990234375,396.67999267578125,59940200,43.87410606951172,1.1469620391727062,6.2230607388200925,-5.076098699647386,3.0642110259735373,422.48600006103516,453.3870386664767,391.5849614555936,0.08244109988086994,396.72240173339844,,,48229850.0,1.2428029529430424
2026-06-10 00:00:00-04:00,391.5400085449219,397.0899963378906,380.1499938964844,381.5899963378906,49695600,39.36795458690942,-1.5461949191360986,4.669209607228855,-6.215404526364954,3.1969818170901374,419.89299926757815,455.29580285456666,384.49019568058964,-0.04096002362599488,397.2486016845703,,,47686165.0,1.0421387419181223
2026-06-11 00:00:00-04:00,388.2799987792969,399.5400085449219,380.6600036621094,399.1499938964844,45324300,46.28207212752174,-2.237800196109788,3.2878076465611263,-5.525607842670914,3.298775410190625,417.5869995117188,452.02498603337096,383.1490129900666,0.2323158599350386,397.7966015625,,,46538220.0,0.973915633215022
2026-06-12 00:00:00-04:00,399.489990234375,406.67999267578125,386.760009765625,406.42999267578125,63514500,48.88449993894524,-2.173413542443086,2.195563408760284,-4.36897695120337,3.3622458226413188,415.7434997558594,448.2808695508941,383.2061299608246,0.356879840952919,398.3000012207031,,,47410425.0,1.3396737110034345
2026-06-15 00:00:00-04:00,412.3699951171875,416.0,407.1000061035156,411.1499938964844,45620500,50.55697615742285,-1.721675599115997,1.412115607185028,-3.133791206301025,3.3933679576318863,415.18899993896486,447.63808090625537,382.73991897167434,0.437763937805328,399.311201171875,,,47057015.0,0.9694728830547369
2026-06-16 00:00:00-04:00,404.1099853515625,412.4200134277344,400.5400085449219,404.6600036621094,40255500,48.22068313633535,-1.8658496439908845,0.7565225569498455,-2.62237220094073,3.404432212125622,414.92250061035156,447.6378219431043,382.2071792775988,0.343154575132234,400.34800109863284,,,46446080.0,0.8667146936835143
2026-06-17 00:00:00-04:00,401.5299987792969,405.94000244140625,393.760009765625,396.3800048828125,43534300,45.34185076792379,-2.618055996084763,0.08160684634292381,-2.6996628424276867,3.4190851280672128,414.53600158691404,447.9640522684093,381.10795090541876,0.22843171626887399,401.34260131835936,,,46297765.0,0.9403110495722634
2026-06-18 00:00:00-04:00,398.1000061035156,402.5199890136719,384.70001220703125,400.489990234375,58384700,47.03224977871204,-2.8496939818332976,-0.5046533192923205,-2.345040662540977,3.4323206611545776,413.69750061035154,447.6746531670359,379.7203480536672,0.3056413003717374,402.4874011230469,,,46952265.0,1.2434905962470608
2026-06-22 00:00:00-04:00,394.8500061035156,414.75,394.3999938964844,405.04998779296875,47819500,48.91978910600064,-2.634941100103674,-0.9307108754545913,-1.7042302246490828,3.4414419813876647,413.05749969482423,447.1871808904747,378.9278184991738,0.3826899106388961,403.6760009765625,,,47211395.0,1.0128804709117365
2026-06-23 00:00:00-04:00,392.6099853515625,392.8699951171875,379.05999755859375,381.6099853515625,50420200,40.85942812774214,-4.306517343645851,-1.6058721690928432,-2.7006451745530073,3.4610009393678873,410.8374984741211,447.12749257367386,374.54750437456835,0.09730617422559999,404.32920043945313,,,47427170.0,1.0631079189418218
2026-06-24 00:00:00-04:00,380.0799865722656,384.5799865722656,373.04998779296875,375.5299987792969,37081400,39.06159436362039,-6.052092903825155,-2.495116316039306,-3.556976587785849,3.4881874012322083,407.9344985961914,445.81512175181007,370.05387544057277,0.07228132594634812,404.79140014648436,,,46998295.0,0.7889945794842133
2026-06-25 00:00:00-04:00,375.2699890136719,379.1199951171875,371.2200012207031,375.1199951171875,30138800,38.93717399736846,-7.383446208591749,-3.472782294549795,-3.9106639140419546,3.5130002857196287,404.67249908447263,442.02864923432554,367.3163489346197,0.10444928279899986,405.0097998046875,,,46272410.0,0.6513341319373683
2026-06-26 00:00:00-04:00,370.1499938964844,387.79998779296875,368.6000061035156,379.7099914550781,53434100,41.19537342352942,-7.976233890972196,-4.373472613834275,-3.6027612771379207,3.5409679287299554,401.5529983520508,436.0607307904254,367.0452659136762,0.18350561811065316,404.76499938964844,,,47322365.0,1.1291510895535335
2026-06-29 00:00:00-04:00,381.7900085449219,413.2699890136719,379.29998779296875,411.8399963378906,57645800,54.015215712491,-5.786694119952131,-4.656116915057846,-1.1305772048942844,3.544965660877758,400.3554977416992,431.3434118443592,369.3675836390392,0.6853060931778819,405.2237994384766,,,47945815.0,1.2023114009012048
2026-06-30 00:00:00-04:00,406.0,424.5400085449219,406.0,420.6000061035156,43385600,56.78163498401808,-3.3064933024369907,-4.3861921925336755,1.0796988900966848,3.542879489767293,400.59149780273435,432.14398464549316,369.03901095997554,0.8170670571941488,405.62339965820314,,,47868200.0,0.9063553674464467
2026-07-01 00:00:00-04:00,421.4599914550781,432.8599853515625,418.0899963378906,425.29998779296875,40127900,58.23344168439939,-0.9507078741432906,-3.6990953288555986,2.748387454712308,3.547763802683946,400.66949768066405,432.46967103154,368.8693243297881,0.8872697459937944,406.2793994140625,,,47994795.0,0.8360885800220628
2026-07-02 00:00:00-04:00,428.010009765625,432.3500061035156,389.29998779296875,393.45001220703125,73717700,46.768082843928674,-1.6349115554221498,-3.286258574168909,1.6513470187467592,3.536071448775446,399.15699768066406,429.172452000405,369.14154336092315,0.40493254886567925,406.4199993896484,,,49455645.0,1.4905821165612136
2026-07-06 00:00:00-04:00,397.5,420.0,390.5,419.7699890136719,54727900,54.70460645469347,-0.05273781053352877,-2.6395544214418334,2.5868166109083046,3.524892254993345,399.2229965209961,429.4223116085194,369.0236814334728,0.8401897101494971,407.06519897460936,,,50425875.0,1.0853138393731392
2026-07-07 00:00:00-04:00,416.9599914550781,419.55999755859375,401.8800048828125,402.8999938964844,38149900,49.600087875316916,-0.15829659171510002,-2.143302855496487,1.9850062637813868,3.509061893317889,399.8179962158203,429.8033106776027,369.8326817540379,0.5513917852119279,407.648798828125,,,49162360.0,0.7759981416677312
2026-07-08 00:00:00-04:00,399.3800048828125,399.6300048828125,390.510009765625,394.05999755859375,33844900,47.11896406712274,-0.944380283792043,-1.9035183411555983,0.9591380573635553,3.495049350387303,399.07349548339846,428.8427514424129,369.304239524384,0.4157940337557115,408.0039990234375,,,48338165.0,0.7001693175568414
2026-07-09 00:00:00-04:00,393.989990234375,407.8599853515625,390.8599853515625,406.54998779296875,37835000,50.85923130396463,-0.5531431545142595,-1.6334433038273306,1.080300149313071,3.4883223137894137,399.56699523925784,429.49599576088735,369.6379947176283,0.6166593008788307,408.5615985107422,,,47232905.0,0.8010305527470732
2026-07-10 00:00:00-04:00,410.489990234375,413.1600036621094,402.80999755859375,407.760009765625,33410000,51.219202224436025,-0.14378874310733636,-1.3355123916833318,1.1917236485759954,3.4885101081661984,400.87549591064453,429.7654818298326,371.98550999145647,0.6191505228531097,409.19639892578124,,,46418625.0,0.7197541934945294
2026-07-13 00:00:00-04:00,404.6099853515625,405.57000732421875,391.3699951171875,394.760009765625,32809200,47.21734308838609,-0.8584678937929766,-1.240103492105261,0.38163559831228433,3.4744285967951956,400.65599670410154,429.66763439080745,371.64435901739563,0.39838583050452414,409.6355993652344,,,45792870.0,0.7164696163398363
2026-07-14 00:00:00-04:00,399.04998779296875,402.2200012207031,394.760009765625,396.17999267578125,23385000,47.69804007547009,-1.2953436014254862,-1.2511515139693061,-0.044192087456180085,3.4372340365709504,400.14349670410155,429.08772359356993,371.19926981463317,0.4315320453461057,409.9265991210938,,,43786395.0,0.5340700005104325
2026-07-15 00:00:00-04:00,399.3999938964844,406.5899963378906,390.6600036621094,394.4599914550781,31549800,47.13804776225805,-1.760071462886799,-1.3529355037528048,-0.40713595913399425,3.3621136805451552,399.3089965820312,427.87703439384904,370.7409587702134,0.41513233847395703,409.99939880371096,,,43082860.0,0.7323051440874631
2026-07-16 00:00:00-04:00,392.3500061035156,395.30999755859375,385.32000732421875,391.05999755859375,29269100,45.988660558168945,-2.3753412781343854,-1.557416658629121,-0.8179246195052645,3.2777389123596885,398.62899627685545,427.30796500895576,369.95002754475513,0.36803921038852194,409.9703985595703,,,42533540.0,0.6881416406910875
2026-07-17 00:00:00-04:00,381.7799987792969,385.69000244140625,377.2200012207031,380.8399963378906,31394600,42.62424983770807,-3.6455916150580947,-1.9750516499149158,-1.670539965143179,3.2097145787283234,397.85199584960935,427.60929973518887,368.09469196402983,0.2141542194626914,409.7997985839844,,,41926555.0,0.7487998954361978
2026-07-20 00:00:00-04:00,386.04998779296875,386.6099853515625,369.42999267578125,369.57000732421875,33901500,39.21710203357211,-5.498287252028433,-2.6796987703376196,-2.8185884816908136,3.164848735507739,396.3059967041016,428.59163301656133,364.0203603916418,0.08594606714372235,409.2165985107422,,,40702395.0,0.8329116750992172
2026-07-21 00:00:00-04:00,371.1700134277344,384.07000732421875,369.9800109863281,378.92999267578125,32735300,43.27276799413398,-6.140505375433008,-3.371860091356697,-2.768645284076311,3.14812679435824,394.9999969482422,427.90360868748,362.0963852090044,0.25580181896418774,408.55939819335936,,,39948185.0,0.8194439872549905
2026-07-22 00:00:00-04:00,375.5299987792969,380.1700134277344,372.8999938964844,374.010009765625,30646100,41.69781644749929,-6.966167722780199,-4.090721617641398,-2.875446105138801,3.1459933639834885,394.6199981689453,428.3401329660249,360.8998633718657,0.19439641141195446,407.47259826660155,415.9598500061035,,38959480.0,0.7866147084098658
2026-07-23 00:00:00-04:00,341.0,342.1099853515625,315.739990234375,319.69000244140625,115606400,29.1034180399881,-11.866887607986712,-5.645954815710461,-6.220932792276251,3.22699426372171,391.82799835205077,438.8333653568475,344.82263134725406,-0.267337864879165,404.9663983154297,415.4091500854492,,42885730.0,2.695684555212188
2026-07-24 00:00:00-04:00,320.7200012207031,322.9599914550781,306.510009765625,313.0299987792969,62760000,27.98726460627735,-16.102530116644573,-7.737269875897283,-8.36526024074729,3.382821489921553,388.72349853515624,447.18150052988346,330.265496540429,-0.14741778005590012,402.557998046875,414.7080500793457,,44516790.0,1.4098051544147725
2026-07-27 00:00:00-04:00,313.239990234375,317.0,304.2799987792969,309.2200012207031,44919400,27.341263305900554,-19.54148026210038,-10.098111953137902,-9.443368308962476,3.573033368233772,385.1989990234375,453.5994858268119,316.7985122200632,-0.05539807794895828,399.8369982910156,414.0887001037598,,44091055.0,1.018787144013678
2026-07-28 00:00:00-04:00,305.92999267578125,311.1600036621094,300.69000244140625,307.44000244140625,39802400,27.02738831708872,-22.155113694499903,-12.509512301410304,-9.6456013930896,3.752283656886764,379.97899932861327,455.3939597336105,304.56403892361607,0.019067592837982938,397.1197985839844,413.4324501037598,,43198885.0,0.9213756327275576
2026-07-29 00:00:00-04:00,307.1400146484375,309.05999755859375,297.3800048828125,298.32000732421875,39478000,25.417378675411925,-24.677873245534443,-14.943184490235133,-9.73468875529931,3.911676299368835,373.86499938964846,455.02206877710034,292.7079300021966,0.03457540645799789,394.64139892578123,412.74635009765626,,43003505.0,0.9180181940983648
2026-07-30 00:00:00-04:00,302.70001220703125,310.8699951171875,301.3299865722656,308.8500061035156,38005400,30.560749294716828,-25.53316503394484,-17.061180598977074,-8.471984434967766,4.007725911951642,368.0425003051758,450.3629185539227,285.72208205642886,0.1404750154281366,392.61859924316406,412.22315017700197,,42897380.0,0.8859608675401621
2026-07-31 00:00:00-04:00,309.69000244140625,315.5,301.9700012207031,311.2099914550781,36630600,31.69762156410279,-25.724028258541296,-18.79375013088992,-6.930278127651377,4.053277404119402,363.9304992675781,449.07472964177794,278.7862688933783,0.190404695768586,390.7605993652344,411.5997001647949,,41043025.0,0.8924926951656219
2026-08-03 00:00:00-04:00,310.9599914550781,324.6499938964844,310.42999267578125,322.0799865722656,38281400,36.82785357086614,-24.713291536172562,-19.97765841194645,-4.735633124226112,4.044973696661117,359.04599914550784,441.8794589593532,276.21253933166247,0.2768654559623776,388.8569989013672,411.0639001464844,,40220700.0,0.9517835343492281
2026-08-04 00:00:00-04:00,324.0,329.57000732421875,320.7900085449219,327.3500061035156,33318300,39.21175525957433,-23.219370420300493,-20.62600081361726,-2.5933696066832326,3.9943703156856727,355.26849975585935,436.55763658949735,273.97936292222136,0.32827660164801464,387.0469989013672,410.5249002075195,,39979120.0,0.8333925309011304
2026-08-05 00:00:00-04:00,323.4200134277344,327.1400146484375,320.2799987792969,321.54998779296875,27820800,37.5330354320741,-22.246990717022186,-20.950198794298245,-1.2967919227239406,3.901025206427778,351.64299926757815,432.1112480766602,271.1747504584961,0.31301313300599043,384.9577984619141,409.98890014648435,,39677915.0,0.7011658752734361
2026-08-06 00:00:00-04:00,317.04998779296875,323.0,315.5199890136719,319.5299987792969,26033800,36.93988909875773,-21.392766532159442,-21.038712341870486,-0.3540541902889558,3.7485466584748126,347.29199981689453,424.60851136784277,269.9754882659463,0.32046525069031534,382.67659851074217,409.3900001525879,,39087855.0,0.6660329659941687
2026-08-07 00:00:00-04:00,322.3399963378906,333.7300109863281,321.25,328.5799865722656,39492300,41.40748582843006,-19.757774010310413,-20.782524675558474,1.0247506652480602,3.6026349476582817,343.33299865722654,415.55347900266804,271.11251831178504,0.39786129907752604,380.44099853515627,408.79575012207033,,39391970.0,1.002546965790236
2026-08-10 00:00:00-04:00,326.6000061035156,332.04998779296875,326.1499938964844,330.8800048828125,25003800,42.522008233447366,-18.068159901350157,-20.23965172071681,2.171491819366654,3.454718061476323,340.1389984130859,408.32040704207986,271.95758978409197,0.432100306253162,378.2165985107422,408.2371501159668,,39001700.0,0.6410951317506672
2026-08-11 00:00:00-04:00,332.79998779296875,336.20001220703125,329.5299987792969,332.80999755859375,23345200,43.49331310062169,-16.38452367772811,-19.468626112119075,3.0841024343909638,3.3362938974949436,336.9704986572266,399.87172397208764,274.06927334236553,0.46692829847267003,376.1569982910156,407.70635009765624,,38999710.0,0.5985993229180422
2026-08-12 00:00:00-04:00,335.0,335.5,323.6400146484375,327.510009765625,28698900,41.423166211025624,-15.301508298799774,-18.635202549455215,3.333694250655441,3.298478622505336,333.6229995727539,390.47742820094305,276.7685709445647,0.446239985568178,374.38959838867186,407.09900009155274,,38857165.0,0.7385742114742545
2026-08-13 00:00:00-04:00,327.20001220703125,341.6400146484375,325.239990234375,339.9599914550781,34708300,47.71832502205354,-13.285454880836255,-17.565253015731425,4.27979813489517,3.3532771603291955,331.0679992675781,381.2563014417158,280.8796970934404,0.5885863020096556,372.71399841308596,406.6302000427246,,39129125.0,0.8870195794053662
2026-08-14 00:00:00-04:00,342.3299865722656,351.260009765625,335.3299865722656,342.2699890136719,45437100,48.81740820535694,-11.370251344927624,-16.326252681570665,4.956001336643041,3.459663074412978,329.1394989013672,373.95129848817004,284.3276993145643,0.6465070610126942,371.08539794921876,406.07944992065427,,39831250.0,1.1407399968617606
2026-08-17 00:00:00-04:00,340.69000244140625,345.45001220703125,337.4800109863281,339.29998779296875,26037100,47.436627635941186,-9.977083414514823,-15.056418828159497,5.0793354136446744,3.5693460906049825,327.62599792480466,368.56564126408864,286.6863545855207,0.6425756176161189,369.5023974609375,405.4731999206543,,39438030.0,0.6602028549600475
2026-08-18 00:00:00-04:00,333.2200012207031,340.5299987792969,331.1199951171875,336.8699951171875,27994500,46.28315855365641,-8.965716692008584,-13.838278400929315,4.872561708920731,3.6689188355035314,325.522998046875,359.00876193953167,292.0372341542183,0.6694301660055734,368.41979736328125,404.8499998474121,,39200990.0,0.7141273728035951
2026-08-19 00:00:00-04:00,338.8900146484375,351.6199951171875,335.70001220703125,351.1199951171875,36735400,53.43397887267105,-6.934409810363945,-12.457504682816243,5.5230948724522975,3.782360456138074,324.3784973144531,351.9243486080715,296.8326460208347,0.985399734386311,367.26319702148436,404.4050997924805,,39505455.0,0.9298817087412359
2026-08-20 00:00:00-04:00,346.20001220703125,347.5,338.9599914550781,345.1300048828125,30766400,50.39697200330525,-5.741739425374703,-11.114351631327935,5.3726122059532315,3.8825905122309834,325.65049743652344,354.5985799384324,296.70241493461447,0.8364559197488209,366.232197265625,403.84794982910154,,35263455.0,0.8724726490923819
2026-08-21 00:00:00-04:00,349.8800048828125,366.5,346.8999938964844,362.8599853515625,59224000,58.00530507680926,-3.3275207168318275,-9.556985448428714,6.229464731596886,3.999573680466793,328.1419967651367,360.8498814060804,295.434112124193,1.03072812515313,365.85759704589844,403.3203997802734,,35086655.0,1.6879351992944327
2026-08-24 00:00:00-04:00,361.4100036621094,363.239990234375,348.260009765625,348.95001220703125,39190500,51.35058975865717,-2.5077458459778654,-8.147137527938545,5.63939168196068,4.0899313932882935,330.1284973144531,362.8235317406002,297.43346288830605,0.7878344559491591,364.85359741210937,402.84384979248046,,34800210.0,1.1261569973284644
2026-08-25 00:00:00-04:00,349.5799865722656,357.0,349.20001220703125,350.25,29816700,51.90591965810575,-1.7331910565993667,-6.86434823367071,5.131157177071343,4.16576986164188,332.2689971923828,364.3086349384617,300.22935944630393,0.7806055884607772,363.72999755859377,402.28474975585937,,34300925.0,0.8692681028281307
2026-08-26 00:00:00-04:00,345.2699890136719,351.92999267578125,342.5299987792969,345.82000732421875,28573000,49.81894848113683,-1.4599844002357827,-5.783475466983725,4.323491066747942,4.226610762118172,334.6439971923828,362.90719923207894,306.3807951526867,0.6977130920293293,362.42339782714845,401.78429977416994,,33755675.0,0.8464650758724274
2026-08-27 00:00:00-04:00,346.1600036621094,355.739990234375,345.45001220703125,354.80999755859375,30136200,53.872196945683285,-0.5121453841006769,-4.729209450407115,4.217064066306438,4.2822480939784295,336.9419967651367,363.81425737577644,310.069736154497,0.8324618098259742,361.4263977050781,401.4107498168945,,33362215.0,0.9033033328272718
2026-08-28 00:00:00-04:00,357.1000061035156,358.79998779296875,345.20001220703125,348.75,32972200,50.88832917355572,-0.24711866235440993,-3.8327912927965744,3.5856726304421644,4.322082708221085,338.8189971923828,363.25750255235323,314.3804918324124,0.703183514321704,360.4737976074219,400.92834976196286,,33179295.0,0.9937583061966808
2026-08-31 00:00:00-04:00,347.2099914550781,368.9200134277344,347.1499938964844,367.95001220703125,61732300,58.694476700165524,1.4949644286043622,-2.7672401485163873,4.26220457712075,4.369389224584039,341.1124984741211,367.47080359392316,314.754193354319,1.0090902774463308,359.822998046875,400.56999984741213,,34351840.0,1.7970594879342707
2026-09-01 00:00:00-04:00,360.8999938964844,362.70001220703125,352.9599914550781,356.0899963378906,36193900,53.08184548488896,1.8967095794969282,-1.8344502029137242,3.7311597824106526,4.382018522515892,342.5494979858398,368.88231151941,316.21668445226965,0.7571031449941498,358.84379821777344,400.197449798584,,34495620.0,1.049231757539073
2026-09-02 00:00:00-04:00,360.4100036621094,360.6199951171875,349.9200134277344,357.010009765625,33951900,53.45367872786179,2.2632436369158313,-1.0149114349478132,3.2781550718636447,4.383224806193646,344.32249908447267,369.4494918695369,319.1955062994084,0.7524677503130004,358.3517987060547,399.97254989624025,,34802175.0,0.9755683373237448
2026-09-03 00:00:00-04:00,365.82000732421875,384.0400085449219,365.82000732421875,376.3699951171875,63601000,60.5405405703213,4.069008540295556,0.0018725601008605652,4.067135980194696,4.382746004021058,347.1644989013672,373.32120101885164,321.0077967838828,1.0582794054969549,358.3685986328125,399.8326498413086,,36680535.0,1.733916912607736
2026-09-04 00:00:00-04:00,362.07000732421875,364.69000244140625,351.32000732421875,354.0799865722656,65018200,50.92656747171753,3.6592908052825805,0.7333562091372046,2.925934596145376,4.336324813130994,348.4394989013672,373.23232228197344,323.64667552076094,0.6137524271501609,357.9477984619141,399.55844970703123,,37956830.0,1.7129512659513453
2026-09-08 00:00:00-04:00,357.1000061035156,370.0,355.75,368.1600036621094,51078800,55.710996803628205,4.419777808604238,1.4706405290306113,2.9491372795736264,4.2998511754166895,350.30349884033205,375.1432886330513,325.4637090476128,0.859433493012312,357.7167987060547,399.3929997253418,,39260580.0,1.3010200053081233
2026-09-09 00:00:00-04:00,368.25,375.44000244140625,366.0,367.80999755859375,32564300,55.56596951647016,4.937312406269825,2.163974904478454,2.7733375017913713,4.2790744721320575,352.05349884033205,376.63430823891144,327.47268944175266,0.8205040660535027,356.83619873046877,399.2120997619629,,39721535.0,0.8198147428089071
2026-09-10 00:00:00-04:00,360.6000061035156,369.2099914550781,357.67999267578125,363.55999755859375,29667200,53.73669965282088,4.947491223172733,2.72067816821731,2.2268130549554233,4.268528731097538,353.85599822998046,376.02787933894876,331.68411712101215,0.7188357244232227,355.6953985595703,399.0537496948242,,39769950.0,0.7459702614662578
2026-09-11 00:00:00-04:00,364.20001220703125,368.6600036621094,361.6000061035156,365.44000244140625,30153000,54.451034977674695,5.049056312843334,3.1863537971425147,1.862702515700819,4.2595355450197605,355.1299987792969,376.86375657612246,333.39624098247134,0.7371887033639263,354.4981988525391,398.9254997253418,,39542185.0,0.7625527016273885
2026-09-14 00:00:00-04:00,359.7799987792969,367.7300109863281,357.0400085449219,358.9700012207031,32477200,51.503671011096024,4.554965544263155,3.4600761465666428,1.094889397696512,4.244470415096612,355.9649993896484,376.88647327380016,335.0435255054967,0.5718162077799649,353.8085986328125,398.63144973754885,,38894190.0,0.8350141756390864
2026-09-15 00:00:00-04:00,358.75,362.3900146484375,354.04998779296875,356.5799865722656,30317700,50.41801006660063,3.9252925137991497,3.5531194200131444,0.37217309378600527,4.231056399317809,356.8289993286133,376.2242728162258,337.4337258410008,0.4935805814621096,352.5447985839844,398.3173497009277,,39108220.0,0.7752257709504549
2026-09-16 00:00:00-04:00,357.92999267578125,365.1000061035156,354.8900146484375,358.0799865722656,32177400,51.114494666598404,3.506884384361058,3.543872412882727,-0.03698802852166905,4.223335210110294,357.8894989013672,374.8572636518236,340.92173415091077,0.5056132222982795,351.6483984375,397.97484970092773,,39317365.0,0.8184017418257811
2026-09-17 00:00:00-04:00,367.4800109863281,374.1199951171875,363.2200012207031,366.20001220703125,38924100,54.81477666679075,3.7868585856161303,3.5924696474294078,0.19438893818672254,4.204989900384294,358.64349975585935,375.68473177905935,341.60226773265936,0.7217126215077769,351.09119873046876,397.6549996948242,,39426800.0,0.9872497894832957
2026-09-18 00:00:00-04:00,369.0,370.8999938964844,360.75,364.2699890136719,51922300,53.77291959857644,3.809094544558036,3.6357946268551338,0.1732999177029022,4.173757803092332,359.60049896240236,375.5619191286295,343.6390787961752,0.6462742664073753,350.2455987548828,397.3256495666504,,40484595.0,1.282519931346726
2026-09-21 00:00:00-04:00,371.6400146484375,378.3599853515625,371.07000732421875,375.29998779296875,36599600,58.61419232162806,4.662993337581099,3.841234369000327,0.821758968580772,4.135286737645168,360.22249908447264,377.6233759538863,342.821622215059,0.9332393367772898,349.59639831542967,397.0559495544434,,39353375.0,0.9300244261133893
2026-09-22 00:00:00-04:00,379.07000732421875,380.4200134277344,372.8800048828125,378.8999938964844,28229900,60.0835497470214,5.566042812308922,4.1861960576620465,1.3798467546468753,4.101645912968154,361.7199981689453,380.16014163257876,343.2798547053119,0.9658314009709422,349.27919799804687,396.7167495727539,,38805345.0,0.7274745270271402
2026-09-23 00:00:00-04:00,380.1000061035156,386.70001220703125,377.5799865722656,380.1199951171875,33522500,60.594146985192076,6.30745155441889,4.610447157013415,1.6970043974054745,4.098010533826281,363.2134979248047,382.5584166447806,343.8685792048288,0.9369751415632688,348.957998046875,396.34469955444337,,38990635.0,0.8597577341328244
2026-09-24 00:00:00-04:00,377.3500061035156,383.3299865722656,375.70001220703125,377.94000244140625,26165700,59.13843378618964,6.642545010090316,5.016866727628796,1.6256782824615206,4.099659476025781,364.8194976806641,383.40259496389245,346.2364003974357,0.8530225494913513,348.6275982666016,395.9593995666504,,38870270.0,0.673154572890798
2026-09-25 00:00:00-04:00,384.6199951171875,386.8299865722656,367.6700134277344,372.1099853515625,45999500,55.311424929356036,6.364311510813025,5.286355684265642,1.0779558265473828,4.09067024416773,365.6844970703125,383.9129957868776,347.45599835374736,0.6762484223511741,348.24859802246095,395.6220495605469,,39663435.0,1.159745745672305
2026-09-28 00:00:00-04:00,368.05999755859375,369.42999267578125,356.79998779296875,357.45001220703125,39452900,47.06386841420623,4.90433798833044,5.209952145078602,-0.3056141567481623,4.089939251273486,366.11949768066404,383.0127621450543,349.2262332162738,0.24340408001344502,347.7807983398437,395.18344955444337,,39987470.0,0.9866315623369021
2026-09-29 00:00:00-04:00,358.3999938964844,358.739990234375,351.6700134277344,352.8399963378906,32492400,44.8015316951859,3.336843643680993,4.83533044479908,-1.4984868011180872,4.089739556861721,365.363996887207,383.23573328419565,347.49226049021837,0.14961433318178696,347.4461981201172,394.69039947509765,,38525475.0,0.8434003733892963
2026-09-30 00:00:00-04:00,352.1099853515625,355.2200012207031,345.8800048828125,354.80999755859375,39235800,45.9961875124145,2.2278741702517095,4.313839189889606,-2.0859650196378965,4.098417087083777,365.2999969482422,383.3201199956186,347.2798739008658,0.20893652163003026,346.96379821777344,394.2299993896484,,38677570.0,1.0144329129260188
2026-10-01 00:00:00-04:00,356.80999755859375,359.7900085449219,353.79998779296875,354.1099853515625,31080800,45.61837236746321,1.2777931341522617,3.706629978742137,-2.4288368445898754,4.114318148147442,365.1549957275391,383.4997349964931,346.81025645858506,0.1989597340675003,346.5657977294922,393.70574935913083,,38534015.0,0.8065808870422664
2026-10-02 00:00:00-04:00,360.0799865722656,374.6000061035156,359.4110107421875,370.5899963378906,54147498,54.99157328211436,1.8335106559563314,3.3320061141849764,-1.498495458228645,4.120280164734394,364.8659957885742,382.64006045741894,347.09193111972945,0.6610211467090513,347.5837976074219,393.18214935302734,,38061339.9,1.422637724847937
